"Buchholz's OCF","Madore's OCF"
"\psi(\Omega)","\psi(0)"
"\psi(\Omega) + \psi(0)","\psi(0) + 1"
"\psi(\Omega) + \psi(1)","\psi(0) + \omega"
"\psi(\Omega) + \psi(\psi(1))","\psi(0) + \omega^\omega"
"\psi(\Omega) + \psi(\psi(\psi(1)))","\psi(0) + \omega^{\omega^\omega}"
"\psi(\Omega) \cdot 2","\psi(0) \cdot 2"
"\psi(\Omega) \cdot 3","\psi(0) \cdot 3"
"\psi(\Omega + 1)","\psi(0) \cdot \omega"
"\psi(\Omega + 1) + \psi(1)","\psi(0) \cdot \omega + \omega"
"\psi(\Omega + 1) + \psi(\psi(1))","\psi(0) \cdot \omega + \omega^\omega"
"\psi(\Omega + 1) \cdot 2","\psi(0) \cdot \omega \cdot 2"
"\psi(\Omega + 2)","\psi(0) \cdot \omega^2"
"\psi(\Omega + 2) \cdot 2","\psi(0) \cdot \omega^2 \cdot 2"
"\psi(\Omega + 3)","\psi(0) \cdot \omega^3"
"\psi(\Omega + \psi(1))","\psi(0) \cdot \omega^\omega"
"\psi(\Omega + \psi(2))","\psi(0) \cdot \omega^{\omega^2}"
"\psi(\Omega + \psi(\psi(1)))","\psi(0) \cdot \omega^{\omega^\omega}"
"\psi(\Omega + \psi(\Omega))","\psi(0)^2"
"\psi(\Omega + \psi(\Omega)) + \psi(1)","\psi(0)^2 + \omega"
"\psi(\Omega + \psi(\Omega)) + \psi(\psi(1))","\psi(0)^2 + \omega^\omega"
"\psi(\Omega + \psi(\Omega)) + \psi(\Omega)","\psi(0)^2 + \psi(0)"
"\psi(\Omega + \psi(\Omega)) + \psi(\Omega + 1)","\psi(0)^2 + \psi(0) \cdot \omega"
"\psi(\Omega + \psi(\Omega)) \cdot 2","\psi(0)^2 \cdot 2"
"\psi(\Omega + \psi(\Omega) + 1)","\psi(0)^2 \cdot \omega"
"\psi(\Omega + \psi(\Omega) + \psi(1))","\psi(0)^2 \cdot \omega^\omega"
"\psi(\Omega + \psi(\Omega) \cdot 2)","\psi(0)^3"
"\psi(\Omega + \psi(\Omega) \cdot 3)","\psi(0)^4"
"\psi(\Omega + \psi(\Omega + 1))","\psi(0)^\omega"
"\psi(\Omega + \psi(\Omega + 1)) \cdot 2","\psi(0)^\omega \cdot 2"
"\psi(\Omega + \psi(\Omega + 1) + 1)","\psi(0)^\omega \cdot \omega"
"\psi(\Omega + \psi(\Omega + 1) + \psi(1))","\psi(0)^\omega \cdot \omega^\omega"
"\psi(\Omega + \psi(\Omega + 1) + \psi(\Omega))","\psi(0)^{\omega+1}"
"\psi(\Omega + \psi(\Omega + 1) + \psi(\Omega) \cdot 2)","\psi(0)^{\omega+2}"
"\psi(\Omega + \psi(\Omega + 1) \cdot 2)","\psi(0)^{\omega \cdot 2}"
"\psi(\Omega + \psi(\Omega + 2))","\psi(0)^{\omega^2}"
"\psi(\Omega + \psi(\Omega + \psi(1)))","\psi(0)^{\omega^\omega}"
"\psi(\Omega + \psi(\Omega + \psi(\psi(1))))","\psi(0)^{\omega^{\omega^\omega}}"
"\psi(\Omega + \psi(\Omega + \psi(\Omega)))","\psi(0)^{\psi(0)}"
"\psi(\Omega + \psi(\Omega + \psi(\Omega)) + 1)","\psi(0)^{\psi(0)} \cdot \omega"
"\psi(\Omega + \psi(\Omega + \psi(\Omega)) + \psi(\Omega))","\psi(0)^{\psi(0)+1}"
"\psi(\Omega + \psi(\Omega + \psi(\Omega)) + \psi(\Omega) \cdot 2)","\psi(0)^{\psi(0) \cdot 2}"
"\psi(\Omega + \psi(\Omega + \psi(\Omega)) + \psi(\Omega + 1))","\psi(0)^{\psi(0)+\omega}"
"\psi(\Omega + \psi(\Omega + \psi(\Omega + 1)))","\psi(0)^{\psi(0) \cdot \omega}"
"\psi(\Omega + \psi(\Omega + \psi(\Omega + 2)))","\psi(0)^{\psi(0)^2}"
"\psi(\Omega + \psi(\Omega + \psi(\Omega + \psi(1))))","\psi(0)^{\psi(0)^\omega}"
"\psi(\Omega + \psi(\Omega + \psi(\Omega + \psi(\Omega))))","\psi(0)^{\psi(0)^{\psi(0)}}"
"\psi(\Omega \cdot 2)","\psi(1)"
"\psi(\Omega \cdot 2) + \psi(\Omega)","\psi(1) + \psi(0)"
"\psi(\Omega \cdot 2) + \psi(\Omega + 1)","\psi(1) + \psi(0) \cdot \omega"
"\psi(\Omega \cdot 2) + \psi(\Omega + \psi(\Omega + 1))","\psi(1) + \psi(0)^\omega"
"\psi(\Omega \cdot 2) \cdot 2","\psi(1) \cdot 2"
"\psi(\Omega \cdot 2 + 1)","\psi(1) \cdot \omega"
"\psi(\Omega \cdot 2 + \psi(\Omega))","\psi(1) \cdot \psi(0)"
"\psi(\Omega \cdot 2 + \psi(\Omega + \psi(\Omega)))","\psi(1) \cdot \psi(0)^2"
"\psi(\Omega \cdot 2 + \psi(\Omega \cdot 2) \cdot 2)","\psi(1)^3"
"\psi(\Omega \cdot 2 + \psi(\Omega \cdot 2 + 1))","\psi(1)^\omega"
"\psi(\Omega \cdot 2 + \psi(\Omega \cdot 2 + \psi(\Omega)))","\psi(1)^{\psi(0)}"
"\psi(\Omega \cdot 2 + \psi(\Omega \cdot 2 + \psi(\Omega \cdot 2)))","\psi(1)^{\psi(1)}"
"\psi(\Omega \cdot 3)","\psi(2)"
"\psi(\Omega \cdot 3 + 1)","\psi(2) \cdot \omega"
"\psi(\Omega \cdot 3 + \psi(\Omega))","\psi(2) \cdot \psi(0)"
"\psi(\Omega \cdot 3 + \psi(\Omega \cdot 2))","\psi(2) \cdot \psi(1)"
"\psi(\Omega \cdot 3 + \psi(\Omega \cdot 3))","\psi(2)^2"
"\psi(\Omega \cdot 3 + \psi(\Omega \cdot 3 + 1))","\psi(2)^\omega"
"\psi(\Omega \cdot 3 + \psi(\Omega \cdot 3 + \psi(\Omega \cdot 3)))","\psi(2)^{\psi(2)}"
"\psi(\Omega \cdot 4)","\psi(3)"
"\psi(\Omega \cdot 4 + \psi(\Omega \cdot 4))","\psi(3)^2"
"\psi(\Omega \cdot 5)","\psi(4)"
"\psi(\Omega \cdot 6)","\psi(5)"
"\psi(\Omega \cdot \psi(1))","\psi(\omega)"
"\psi(\Omega \cdot \psi(1) + \psi(\Omega \cdot \psi(1)))","\psi(\omega)^2"
"\psi(\Omega \cdot \psi(1) + \Omega)","\psi(\omega + 1)"
"\psi(\Omega \cdot \psi(1) + \Omega \cdot 2)","\psi(\omega + 2)"
"\psi(\Omega \cdot \psi(1) \cdot 2)","\psi(\omega \cdot 2)"
"\psi(\Omega \cdot \psi(2))","\psi(\omega^2)"
"\psi(\Omega \cdot \psi(\psi(1)))","\psi(\omega^\omega)"
"\psi(\Omega \cdot \psi(\psi(\psi(1))))","\psi(\omega^{\omega^\omega})"
"\psi(\Omega \cdot \psi(\Omega))","\psi(\psi(0))"
"\psi(\Omega \cdot \psi(\Omega) + \Omega)","\psi(\psi(0) + 1)"
"\psi(\Omega \cdot \psi(\Omega) \cdot 2)","\psi(\psi(0) \cdot 2)"
"\psi(\Omega \cdot \psi(\Omega + 1))","\psi(\psi(0) \cdot \omega)"
"\psi(\Omega \cdot \psi(\Omega + \psi(\Omega)))","\psi(\psi(0)^2)"
"\psi(\Omega \cdot \psi(\Omega \cdot 2))","\psi(\psi(1))"
"\psi(\Omega \cdot \psi(\Omega \cdot 3))","\psi(\psi(2))"
"\psi(\Omega \cdot \psi(\Omega \cdot \psi(1)))","\psi(\psi(\omega))"
"\psi(\Omega \cdot \psi(\Omega \cdot \psi(\Omega)))","\psi(\psi(\psi(0)))"
"\psi(\Omega^2)","\psi(\Omega)"
"\psi(\Omega^2) + \psi(1)","\psi(\Omega) + \omega"
"\psi(\Omega^2) + \psi(\Omega)","\psi(\Omega) + \psi(0)"
"\psi(\Omega^2) + \psi(\Omega \cdot \psi(\Omega))","\psi(\Omega) + \psi(\psi(0))"
"\psi(\Omega^2) \cdot 2","\psi(\Omega) \cdot 2"
"\psi(\Omega^2 + 1)","\psi(\Omega) \cdot \omega"
"\psi(\Omega^2 + \psi(\Omega))","\psi(\Omega) \cdot \psi(0)"
"\psi(\Omega^2 + \psi(\Omega \cdot \psi(\Omega)))","\psi(\Omega) \cdot \psi(\psi(0))"
"\psi(\Omega^2 + \psi(\Omega^2))","\psi(\Omega)^2"
"\psi(\Omega^2 + \psi(\Omega^2 + 1))","\psi(\Omega)^\omega"
"\psi(\Omega^2 + \psi(\Omega^2 + \psi(\Omega)))","\psi(\Omega)^{\psi(0)}"
"\psi(\Omega^2 + \psi(\Omega^2 + \psi(\Omega^2)))","\psi(\Omega)^{\psi(\Omega)}"
"\psi(\Omega^2 + \psi(\Omega^2 + \psi(\Omega^2 + \psi(\Omega^2))))","\psi(\Omega)^{\psi(\Omega)^{\psi(\Omega)}}"
"\psi(\Omega^2 + \Omega)","\psi(\Omega + 1)"
"\psi(\Omega^2 + \Omega + \psi(\Omega^2 + \Omega))","\psi(\Omega + 1)^2"
"\psi(\Omega^2 + \Omega + \psi(\Omega^2 + \Omega + \psi(\Omega^2 + \Omega)))","\psi(\Omega + 1)^{\psi(\Omega + 1)}"
"\psi(\Omega^2 + \Omega \cdot 2)","\psi(\Omega + 2)"
"\psi(\Omega^2 + \Omega \cdot 3)","\psi(\Omega + 3)"
"\psi(\Omega^2 + \Omega \cdot \omega)","\psi(\Omega + \omega)"
"\psi(\Omega^2 + \Omega \cdot \psi(\Omega))","\psi(\Omega + \psi(0))"
"\psi(\Omega^2 + \Omega \cdot \psi(\Omega \cdot \psi(\Omega)))","\psi(\Omega + \psi(\psi(0)))"
"\psi(\Omega^2 + \Omega \cdot \psi(\Omega^2))","\psi(\Omega + \psi(\Omega))"
"\psi(\Omega^2 + \Omega \cdot \psi(\Omega^2) \cdot 2)","\psi(\Omega + \psi(\Omega) \cdot 2)"
"\psi(\Omega^2 + \Omega \cdot \psi(\Omega^2 + 1))","\psi(\Omega + \psi(\Omega) \cdot \omega)"
"\psi(\Omega^2 + \Omega \cdot \psi(\Omega^2 + \psi(\Omega^2)))","\psi(\Omega + \psi(\Omega)^2)"
"\psi(\Omega^2 + \Omega \cdot \psi(\Omega^2 + \psi(\Omega^2 + \psi(\Omega^2))))","\psi(\Omega + \psi(\Omega)^{\psi(\Omega)})"
"\psi(\Omega^2 + \Omega \cdot \psi(\Omega^2 + \Omega))","\psi(\Omega + \psi(\Omega + 1))"
"\psi(\Omega^2 + \Omega \cdot \psi(\Omega^2 + \Omega \cdot \psi(\Omega)))","\psi(\Omega + \psi(\Omega + \psi(0)))"
"\psi(\Omega^2 + \Omega \cdot \psi(\Omega^2 + \Omega \cdot \psi(\Omega^2)))","\psi(\Omega + \psi(\Omega + \psi(\Omega)))"
"\psi(\Omega^2 + \Omega \cdot \psi(\Omega^2 + \Omega \cdot \psi(\Omega^2 + \Omega)))","\psi(\Omega + \psi(\Omega + \psi(\Omega + 1)))"
"\psi(\Omega^2 \cdot 2)","\psi(\Omega \cdot 2)"
"\psi(\Omega^2 \cdot 2 + 1)","\psi(\Omega \cdot 2) \cdot \omega"
"\psi(\Omega^2 \cdot 2 + \psi(\Omega^2))","\psi(\Omega \cdot 2) \cdot \psi(\Omega)"
"\psi(\Omega^2 \cdot 2 + \psi(\Omega^2 \cdot 2))","\psi(\Omega \cdot 2)^2"
"\psi(\Omega^2 \cdot 2 + \psi(\Omega^2 \cdot 2 + \psi(\Omega^2 \cdot 2)))","\psi(\Omega \cdot 2)^{\psi(\Omega \cdot 2)}"
"\psi(\Omega^2 \cdot 2 + \Omega)","\psi(\Omega \cdot 2 + 1)"
"\psi(\Omega^2 \cdot 2 + \Omega \cdot \psi(\Omega^2))","\psi(\Omega \cdot 2 + \psi(\Omega + \psi(\Omega)))"
"\psi(\Omega^2 \cdot 2 + \Omega \cdot \psi(\Omega^2 \cdot 2))","\psi(\Omega \cdot 2 + \psi(\Omega \cdot 2))"
"\psi(\Omega^2 \cdot 2 + \Omega \cdot \psi(\Omega^2 \cdot 2 + \psi(\Omega^2 \cdot 2)))","\psi(\Omega \cdot 2 + \psi(\Omega \cdot 2)^2)"
"\psi(\Omega^2 \cdot 2 + \Omega \cdot \psi(\Omega^2 \cdot 2 + \Omega))","\psi(\Omega \cdot 2 + \psi(\Omega \cdot 2 + 1))"
"\psi(\Omega^2 \cdot 3)","\psi(\Omega \cdot 3)"
"\psi(\Omega^2 \cdot 3 + 1)","\psi(\Omega \cdot 3) \cdot \omega"
"\psi(\Omega^2 \cdot 3 + \Omega)","\psi(\Omega \cdot 3 + 1)"
"\psi(\Omega^2 \cdot 3 + \Omega \cdot \psi(\Omega^2 \cdot 3))","\psi(\Omega \cdot 3 + \psi(\Omega \cdot 3))"
"\psi(\Omega^2 \cdot 3 + \Omega \cdot \psi(\Omega^2 \cdot 3 + \Omega))","\psi(\Omega \cdot 3 + \psi(\Omega \cdot 3 + 1))"
"\psi(\Omega^2 \cdot 4)","\psi(\Omega \cdot 4)"
"\psi(\Omega^2 \cdot 5)","\psi(\Omega \cdot 5)"
"\psi(\Omega^2 \cdot \psi(1))","\psi(\Omega \cdot \omega)"
"\psi(\Omega^2 \cdot \psi(\Omega))","\psi(\Omega \cdot \psi(0))"
"\psi(\Omega^2 \cdot \psi(\Omega \cdot \psi(\Omega)))","\psi(\Omega \cdot \psi(\psi(0)))"
"\psi(\Omega^2 \cdot \psi(\Omega^2))","\psi(\Omega \cdot \psi(\Omega))"
"\psi(\Omega^2 \cdot \psi(\Omega^2 \cdot 2))","\psi(\Omega \cdot \psi(\Omega \cdot 2))"
"\psi(\Omega^2 \cdot \psi(\Omega^2 \cdot \psi(\Omega)))","\psi(\Omega \cdot \psi(\Omega \cdot \psi(0)))"
"\psi(\Omega^2 \cdot \psi(\Omega^2 \cdot \psi(\Omega^2)))","\psi(\Omega \cdot \psi(\Omega \cdot \psi(\Omega)))"
"\psi(\Omega^3)","\psi(\Omega^2)"
"\psi(\Omega^3 + 1)","\psi(\Omega^2) \cdot \omega"
"\psi(\Omega^3 + \psi(\Omega^3 + \psi(\Omega^3)))","\psi(\Omega^2)^{\psi(\Omega^2)}"
"\psi(\Omega^3 + \Omega)","\psi(\Omega^2 + 1)"
"\psi(\Omega^3 + \Omega \cdot \psi(\Omega^3))","\psi(\Omega^2 + \psi(\Omega^2))"
"\psi(\Omega^3 + \Omega \cdot \psi(\Omega^3 + \Omega \cdot \psi(\Omega^3)))","\psi(\Omega^2 + \psi(\Omega^2 + \psi(\Omega^2)))"
"\psi(\Omega^3 + \Omega^2)","\psi(\Omega^2 + \Omega)"
"\psi(\Omega^3 + \Omega^2 \cdot \psi(\Omega^3))","\psi(\Omega^2 + \Omega \cdot \psi(\Omega^2))"
"\psi(\Omega^3 + \Omega^2 \cdot \psi(\Omega^3 + \Omega^2 \cdot \psi(\Omega^3)))","\psi(\Omega^2 + \Omega \cdot \psi(\Omega^2 + \Omega \cdot \psi(\Omega^2)))"
"\psi(\Omega^3 \cdot 2)","\psi(\Omega^2 \cdot 2)"
"\psi(\Omega^3 \cdot 2 + 1)","\psi(\Omega^2 \cdot 2) \cdot \omega"
"\psi(\Omega^3 \cdot 2 + \Omega)","\psi(\Omega^2 \cdot 2 + 1)"
"\psi(\Omega^3 \cdot 2 + \Omega^2)","\psi(\Omega^2 \cdot 2 + \Omega)"
"\psi(\Omega^3 \cdot 2 + \Omega^2 \cdot \psi(\Omega^3 \cdot 2 + \Omega^2))","\psi(\Omega^2 \cdot 2 + \Omega \cdot \psi(\Omega^2 \cdot 2 + \Omega))"
"\psi(\Omega^3 \cdot 3)","\psi(\Omega^2 \cdot 3)"
"\psi(\Omega^3 \cdot 4)","\psi(\Omega^2 \cdot 4)"
"\psi(\Omega^3 \cdot \psi(1))","\psi(\Omega^2 \cdot \omega)"
"\psi(\Omega^3 \cdot \psi(\Omega))","\psi(\Omega^2 \cdot \psi(0))"
"\psi(\Omega^3 \cdot \psi(\Omega^2))","\psi(\Omega^2 \cdot \psi(\Omega))"
"\psi(\Omega^3 \cdot \psi(\Omega^3))","\psi(\Omega^2 \cdot \psi(\Omega^2))"
"\psi(\Omega^3 \cdot \psi(\Omega^3 \cdot \psi(\Omega^3)))","\psi(\Omega^2 \cdot \psi(\Omega^2 \cdot \psi(\Omega^2)))"
"\psi(\Omega^4)","\psi(\Omega^3)"
"\psi(\Omega^4 + 1)","\psi(\Omega^3) \cdot \omega"
"\psi(\Omega^4 + \Omega)","\psi(\Omega^3 + 1)"
"\psi(\Omega^4 + \Omega^3)","\psi(\Omega^3 + \Omega^2)"
"\psi(\Omega^4 \cdot 2)","\psi(\Omega^3 \cdot 2)"
"\psi(\Omega^4 \cdot 3)","\psi(\Omega^3 \cdot 3)"
"\psi(\Omega^4 \cdot \psi(1))","\psi(\Omega^3 \cdot \omega)"
"\psi(\Omega^4 \cdot \psi(\Omega^4))","\psi(\Omega^3 \cdot \psi(\Omega^3))"
"\psi(\Omega^5)","\psi(\Omega^4)"
"\psi(\Omega^5 + \Omega^4)","\psi(\Omega^4 + \Omega^3)"
"\psi(\Omega^5 \cdot 2)","\psi(\Omega^4 \cdot 2)"
"\psi(\Omega^5 \cdot \psi(\Omega^5))","\psi(\Omega^4 \cdot \psi(\Omega^4))"
"\psi(\Omega^6)","\psi(\Omega^5)"
"\psi(\Omega^7)","\psi(\Omega^6)"
"\psi(\Omega^\omega)","\psi(\Omega^\omega)"
"\psi(\Omega^\omega + 1)","\psi(\Omega^\omega) \cdot \omega"
"\psi(\Omega^\omega + \Omega)","\psi(\Omega^\omega + 1)"
"\psi(\Omega^\omega + \Omega^2)","\psi(\Omega^\omega + \Omega)"
"\psi(\Omega^\omega + \Omega^3)","\psi(\Omega^\omega + \Omega^2)"
"\psi(\Omega^\omega + \Omega^4)","\psi(\Omega^\omega + \Omega^3)"
"\psi(\Omega^\omega + \Omega^5)","\psi(\Omega^\omega + \Omega^4)"
"\psi(\Omega^\omega + \Omega^6)","\psi(\Omega^\omega + \Omega^5)"
"\psi(\Omega^\omega \cdot 2)","\psi(\Omega^\omega \cdot 2)"
"\psi(\Omega^\omega \cdot 3)","\psi(\Omega^\omega \cdot 3)"
"\psi(\Omega^\omega \cdot \psi(1))","\psi(\Omega^\omega \cdot \omega)"
"\psi(\Omega^\omega \cdot \psi(\Omega^\omega))","\psi(\Omega^\omega \cdot \psi(\Omega^\omega))"
"\psi(\Omega^{\omega+1})","\psi(\Omega^{\omega+1})"
"\psi(\Omega^{\omega+1} + \Omega^\omega)","\psi(\Omega^{\omega+1} + \Omega^\omega)"
"\psi(\Omega^{\omega+1} \cdot 2)","\psi(\Omega^{\omega+1} \cdot 2)"
"\psi(\Omega^{\omega+2})","\psi(\Omega^{\omega+2})"
"\psi(\Omega^{\omega+3})","\psi(\Omega^{\omega+3})"
"\psi(\Omega^{\omega \cdot 2})","\psi(\Omega^{\omega \cdot 2})"
"\psi(\Omega^{\omega \cdot 3})","\psi(\Omega^{\omega \cdot 3})"
"\psi(\Omega^{\psi(2)})","\psi(\Omega^{\omega^2})"
"\psi(\Omega^{\psi(\psi(1))})","\psi(\Omega^{\omega^\omega})"
"\psi(\Omega^{\psi(\Omega)})","\psi(\Omega^{\psi(0)})"
"\psi(\Omega^{\psi(\Omega \cdot 2)})","\psi(\Omega^{\psi(1)})"
"\psi(\Omega^{\psi(\Omega^2)})","\psi(\Omega^{\psi(\Omega)})"
"\psi(\Omega^{\psi(\Omega^3)})","\psi(\Omega^{\psi(\Omega^2)})"
"\psi(\Omega^{\psi(\Omega^\omega)})","\psi(\Omega^{\psi(\Omega^\omega)})"
"\psi(\Omega^{\psi(\Omega^{\psi(\Omega)})})","\psi(\Omega^{\psi(\Omega^{\psi(0)})})"
"\psi(\Omega^\Omega)","\psi(\Omega^\Omega)"
"\psi(\Omega^\Omega + 1)","\psi(\Omega^\Omega) \cdot \omega"
"\psi(\Omega^\Omega + \psi(\Omega^\Omega))","\psi(\Omega^\Omega)^2"
"\psi(\Omega^\Omega + \Omega)","\psi(\Omega^\Omega + 1)"
"\psi(\Omega^\Omega + \Omega * {\psi(\Omega^\Omega)})","\psi(\Omega^\Omega + \psi(\Omega^\Omega))"
"\psi(\Omega^\Omega + \Omega^2)","\psi(\Omega^\Omega + \Omega)"
"\psi(\Omega^\Omega + \Omega^3)","\psi(\Omega^\Omega + \Omega^2)"
"\psi(\Omega^\Omega + \Omega^4)","\psi(\Omega^\Omega + \Omega^3)"
"\psi(\Omega^\Omega + \Omega^5)","\psi(\Omega^\Omega + \Omega^4)"
"\psi(\Omega^\Omega + \Omega^\omega)","\psi(\Omega^\Omega + \Omega^\omega)"
"\psi(\Omega^\Omega + \Omega^{\psi(\Omega^\omega)})","\psi(\Omega^\Omega + \Omega^{\psi(\Omega^\omega)})"
"\psi(\Omega^\Omega + \Omega^{\psi(\Omega^\Omega)})","\psi(\Omega^\Omega + \Omega^{\psi(\Omega^\Omega)})"
"\psi(\Omega^\Omega + \Omega^{\psi(\Omega^\Omega)} \cdot 2)","\psi(\Omega^\Omega + \Omega^{\psi(\Omega^\Omega)} \cdot 2)"
"\psi(\Omega^\Omega + \Omega^{\psi(\Omega^\Omega)} \cdot \psi(\Omega^\Omega))","\psi(\Omega^\Omega + \Omega^{\psi(\Omega^\Omega)} \cdot \psi(\Omega^\Omega))"
"\psi(\Omega^\Omega + \Omega^{\psi(\Omega^\Omega)+1})","\psi(\Omega^\Omega + \Omega^{\psi(\Omega^\Omega)+1})"
"\psi(\Omega^\Omega + \Omega^{\psi(\Omega^\Omega)+\omega})","\psi(\Omega^\Omega + \Omega^{\psi(\Omega^\Omega)+\omega})"
"\psi(\Omega^\Omega + \Omega^{\psi(\Omega^\Omega) \cdot 2})","\psi(\Omega^\Omega + \Omega^{\psi(\Omega^\Omega) \cdot 2})"
"\psi(\Omega^\Omega + \Omega^{\psi(\Omega^\Omega + \Omega)})","\psi(\Omega^\Omega + \Omega^{\psi(\Omega^\Omega + 1)})"
"\psi(\Omega^\Omega + \Omega^{\psi(\Omega^\Omega + \Omega^{\psi(\Omega^\Omega)})})","\psi(\Omega^\Omega + \Omega^{\psi(\Omega^\Omega + \Omega^{\psi(\Omega^\Omega)})})"
"\psi(\Omega^\Omega + \Omega^{\psi(\Omega^\Omega + \Omega^{\psi(\Omega^\Omega + \Omega)})})","\psi(\Omega^\Omega + \Omega^{\psi(\Omega^\Omega + \Omega^{\psi(\Omega^\Omega + 1)})})"
"\psi(\Omega^\Omega \cdot 2)","\psi(\Omega^\Omega \cdot 2)"
"\psi(\Omega^\Omega \cdot 2 + \Omega^{\psi(\Omega^\Omega)})","\psi(\Omega^\Omega \cdot 2 + \Omega^{\psi(\Omega^\Omega)})"
"\psi(\Omega^\Omega \cdot 2 + \Omega^{\psi(\Omega^\Omega \cdot 2)})","\psi(\Omega^\Omega \cdot 2 + \Omega^{\psi(\Omega^\Omega \cdot 2)})"
"\psi(\Omega^\Omega \cdot 3)","\psi(\Omega^\Omega \cdot 3)"
"\psi(\Omega^\Omega \cdot 4)","\psi(\Omega^\Omega \cdot 4)"
"\psi(\Omega^\Omega \cdot \omega)","\psi(\Omega^\Omega \cdot \omega)"
"\psi(\Omega^\Omega \cdot \psi(\Omega^\Omega))","\psi(\Omega^\Omega \cdot \psi(\Omega^\Omega))"
"\psi(\Omega^{\Omega+1})","\psi(\Omega^{\Omega+1})"
"\psi(\Omega^{\Omega+1} + \Omega^\omega)","\psi(\Omega^{\Omega+1} + \Omega^\omega)"
"\psi(\Omega^{\Omega+1} + \Omega^{\psi(\Omega^\Omega)})","\psi(\Omega^{\Omega+1} + \Omega^{\psi(\Omega^\Omega)})"
"\psi(\Omega^{\Omega+1} + \Omega^{\psi(\Omega^{\Omega+1})})","\psi(\Omega^{\Omega+1} + \Omega^{\psi(\Omega^{\Omega+1})})"
"\psi(\Omega^{\Omega+1} + \Omega^{\psi(\Omega^{\Omega+1})+1})","\psi(\Omega^{\Omega+1} + \Omega^{\psi(\Omega^{\Omega+1})+1})"
"\psi(\Omega^{\Omega+1} + \Omega^\Omega)","\psi(\Omega^{\Omega+1} + \Omega^\Omega)"
"\psi(\Omega^{\Omega+1} + \Omega^\Omega \cdot \psi(\Omega^{\Omega+1} + \Omega^\Omega))","\psi(\Omega^{\Omega+1} + \Omega^\Omega \cdot \psi(\Omega^{\Omega+1} + \Omega^\Omega))"
"\psi(\Omega^{\Omega+1} \cdot 2)","\psi(\Omega^{\Omega+1} \cdot 2)"
"\psi(\Omega^{\Omega+1} \cdot 3)","\psi(\Omega^{\Omega+1} \cdot 3)"
"\psi(\Omega^{\Omega+1} \cdot \omega)","\psi(\Omega^{\Omega+1} \cdot \omega)"
"\psi(\Omega^{\Omega+2})","\psi(\Omega^{\Omega+2})"
"\psi(\Omega^{\Omega+2} + \Omega^{\psi(\Omega^{\Omega+2})+1})","\psi(\Omega^{\Omega+2} + \Omega^{\psi(\Omega^{\Omega+2})+1})"
"\psi(\Omega^{\Omega+2} + \Omega^\Omega)","\psi(\Omega^{\Omega+2} + \Omega^\Omega)"
"\psi(\Omega^{\Omega+2} + \Omega^\Omega \cdot \psi(\Omega^{\Omega+2} + \Omega^\Omega))","\psi(\Omega^{\Omega+2} + \Omega^\Omega \cdot \psi(\Omega^{\Omega+2} + \Omega^\Omega))"
"\psi(\Omega^{\Omega+2} + \Omega^{\Omega+1})","\psi(\Omega^{\Omega+2} + \Omega^{\Omega+1})"
"\psi(\Omega^{\Omega+2} \cdot 2)","\psi(\Omega^{\Omega+2} \cdot 2)"
"\psi(\Omega^{\Omega+2} \cdot \psi(\Omega^{\Omega+2}))","\psi(\Omega^{\Omega+2} \cdot \psi(\Omega^{\Omega+2}))"
"\psi(\Omega^{\Omega+3})","\psi(\Omega^{\Omega+3})"
"\psi(\Omega^{\Omega+3} \cdot 2)","\psi(\Omega^{\Omega+3} \cdot 2)"
"\psi(\Omega^{\Omega+4})","\psi(\Omega^{\Omega+4})"
"\psi(\Omega^{\Omega+\omega})","\psi(\Omega^{\Omega+\omega})"
"\psi(\Omega^{\Omega+\psi(\Omega^{\Omega})})","\psi(\Omega^{\Omega+\psi(\Omega^{\Omega})})"
"\psi(\Omega^{\Omega+\psi(\Omega^{\Omega+\psi(\Omega^{\Omega})})})","\psi(\Omega^{\Omega+\psi(\Omega^{\Omega+\psi(\Omega^{\Omega})})})"
"\psi(\Omega^{\Omega \cdot 2})","\psi(\Omega^{\Omega \cdot 2})"
"\psi(\Omega^{\Omega \cdot 2} \cdot 2)","\psi(\Omega^{\Omega \cdot 2} \cdot 2)"
"\psi(\Omega^{\Omega \cdot 2} \cdot \psi(\Omega^{\Omega \cdot 2}))","\psi(\Omega^{\Omega \cdot 2} \cdot \psi(\Omega^{\Omega \cdot 2}))"
"\psi(\Omega^{\Omega \cdot 2+1})","\psi(\Omega^{\Omega \cdot 2+1})"
"\psi(\Omega^{\Omega \cdot 2+1} \cdot 2)","\psi(\Omega^{\Omega \cdot 2+1} \cdot 2)"
"\psi(\Omega^{\Omega \cdot 2+\psi(\Omega^{\Omega \cdot 2})})","\psi(\Omega^{\Omega \cdot 2+\psi(\Omega^{\Omega \cdot 2})})"
"\psi(\Omega^{\Omega \cdot 2 + \psi(\Omega^{\Omega \cdot 2})+1})","\psi(\Omega^{\Omega \cdot 2 + \psi(\Omega^{\Omega \cdot 2})+1})"
"\psi(\Omega^{\Omega \cdot 3})","\psi(\Omega^{\Omega \cdot 3})"
"\psi(\Omega^{\Omega \cdot 3} \cdot 2)","\psi(\Omega^{\Omega \cdot 3} \cdot 2)"
"\psi(\Omega^{\Omega \cdot 3+1})","\psi(\Omega^{\Omega \cdot 3+1})"
"\psi(\Omega^{\Omega \cdot 4})","\psi(\Omega^{\Omega \cdot 4})"
"\psi(\Omega^{\Omega \cdot 5})","\psi(\Omega^{\Omega \cdot 5})"
"\psi(\Omega^{\Omega \cdot \omega})","\psi(\Omega^{\Omega \cdot \omega})"
"\psi(\Omega^{\Omega \cdot \psi(\Omega^\Omega)})","\psi(\Omega^{\Omega \cdot \psi(\Omega^\Omega)})"
"\psi(\Omega^{\Omega^2})","\psi(\Omega^{\Omega^2})"
"\psi(\Omega^{\Omega^2 + \psi(\Omega^{\Omega^2})})","\psi(\Omega^{\Omega^2 + \psi(\Omega^{\Omega^2})})"
"\psi(\Omega^{\Omega^2 \cdot 2})","\psi(\Omega^{\Omega^2 \cdot 2})"
"\psi(\Omega^{\Omega^2 \cdot 2} \cdot 2)","\psi(\Omega^{\Omega^2 \cdot 2} \cdot 2)"
"\psi(\Omega^{\Omega^2 \cdot 2+1})","\psi(\Omega^{\Omega^2 \cdot 2+1})"
"\psi(\Omega^{\Omega^2 \cdot 2+2})","\psi(\Omega^{\Omega^2 \cdot 2+2})"
"\psi(\Omega^{\Omega^2 \cdot 2+\psi(\Omega^{\Omega^2})})","\psi(\Omega^{\Omega^2 \cdot 2+\psi(\Omega^{\Omega^2})})"
"\psi(\Omega^{\Omega^2 \cdot 2+\Omega})","\psi(\Omega^{\Omega^2 \cdot 2+\Omega})"
"\psi(\Omega^{\Omega^2 \cdot 2+\Omega+1})","\psi(\Omega^{\Omega^2 \cdot 2+\Omega+1})"
"\psi(\Omega^{\Omega^2 \cdot 2 + \Omega \cdot 2})","\psi(\Omega^{\Omega^2 \cdot 2 + \Omega \cdot 2})"
"\psi(\Omega^{\Omega^2 \cdot 2+\Omega \cdot \psi(\Omega^{\Omega^2})})","\psi(\Omega^{\Omega^2 \cdot 2+\Omega \cdot \psi(\Omega^{\Omega^2})})"
"\psi(\Omega^{\Omega^2 \cdot 3})","\psi(\Omega^{\Omega^2 \cdot 3})"
"\psi(\Omega^{\Omega^2 \cdot \psi(\Omega^2)})","\psi(\Omega^{\Omega^2 \cdot \psi(\Omega^2)})"
"\psi(\Omega^{\Omega^3})","\psi(\Omega^{\Omega^3})"
"\psi(\Omega^{\Omega^3 \cdot 2})","\psi(\Omega^{\Omega^3 \cdot 2})"
"\psi(\Omega^{\Omega^3 \cdot 2+1})","\psi(\Omega^{\Omega^3 \cdot 2+1})"
"\psi(\Omega^{\Omega^3 \cdot 2+\Omega})","\psi(\Omega^{\Omega^3 \cdot 2+\Omega})"
"\psi(\Omega^{\Omega^3 \cdot 2+\Omega^2})","\psi(\Omega^{\Omega^3 \cdot 2+\Omega^2})"
"\psi(\Omega^{\Omega^4})","\psi(\Omega^{\Omega^4})"
"\psi(\Omega^{\Omega^5})","\psi(\Omega^{\Omega^5})"
"\psi(\Omega^{\Omega^6})","\psi(\Omega^{\Omega^6})"
"\psi(\Omega^{\Omega^\omega})","\psi(\Omega^{\Omega^\omega})"
"\psi(\Omega^{\Omega^\omega + \Omega})","\psi(\Omega^{\Omega^\omega + 1})"
"\psi(\Omega^{\Omega^\omega + \Omega^4})","\psi(\Omega^{\Omega^\omega + \Omega^4})"
"\psi(\Omega^{\Omega^\omega + \Omega^5})","\psi(\Omega^{\Omega^\omega + \Omega^5})"
"\psi(\Omega^{\Omega^\omega \cdot 2})","\psi(\Omega^{\Omega^\omega \cdot 2})"
"\psi(\Omega^{\Omega^{\omega+1}})","\psi(\Omega^{\Omega^{\omega+1}})"
"\psi(\Omega^{\Omega^{\omega+2}})","\psi(\Omega^{\Omega^{\omega+2}})"
"\psi(\Omega^{\Omega^{\psi(\Omega^\omega)}})","\psi(\Omega^{\Omega^{\psi(\Omega^\omega)}})"
"\psi(\Omega^{\Omega^{\psi(\Omega^{\Omega^\omega})}})","\psi(\Omega^{\Omega^{\psi(\Omega^{\Omega^\omega})}})"
"\psi(\Omega^{\Omega^\Omega})","\psi(\Omega^{\Omega^\Omega})"
"\psi(\Omega^{\Omega^\Omega + \Omega^{\psi(\Omega^{\Omega^\Omega})}})","\psi(\Omega^{\Omega^\Omega + \Omega^{\psi(\Omega^{\Omega^\Omega})}})"
"\psi(\Omega^{\Omega^\Omega \cdot 2})","\psi(\Omega^{\Omega^\Omega \cdot 2})"
"\psi(\Omega^{\Omega^{\Omega+1}})","\psi(\Omega^{\Omega^{\Omega+1}})"
"\psi(\Omega^{\Omega^{\Omega+1} \cdot 2})","\psi(\Omega^{\Omega^{\Omega+1} \cdot 2})"
"\psi(\Omega^{\Omega^{\Omega+2}})","\psi(\Omega^{\Omega^{\Omega+2}})"
"\psi(\Omega^{\Omega^{\Omega+3}})","\psi(\Omega^{\Omega^{\Omega+3}})"
"\psi(\Omega^{\Omega^{\Omega+\omega}})","\psi(\Omega^{\Omega^{\Omega+\omega}})"
"\psi(\Omega^{\Omega^{\Omega+\omega^2}})","\psi(\Omega^{\Omega^{\Omega+\omega^2}})"
"\psi(\Omega^{\Omega^{\Omega+\omega^\omega}})","\psi(\Omega^{\Omega^{\Omega+\omega^\omega}})"
"\psi(\Omega^{\Omega^{\Omega+\psi(\Omega)}})","\psi(\Omega^{\Omega^{\Omega+\psi(\Omega)}})"
"\psi(\Omega^{\Omega^{\Omega+\psi(\Omega^2)}})","\psi(\Omega^{\Omega^{\Omega+\psi(\Omega^2)}})"
"\psi(\Omega^{\Omega^{\Omega+\psi(\Omega^\omega)}})","\psi(\Omega^{\Omega^{\Omega+\psi(\Omega^\omega)}})"
"\psi(\Omega^{\Omega^{\Omega+\psi(\Omega^\Omega)}})","\psi(\Omega^{\Omega^{\Omega+\psi(\Omega^\Omega)}})"
"\psi(\Omega^{\Omega^{\Omega^\Omega}})","\psi(\Omega^{\Omega^{\Omega^\Omega}})"
"\psi(\Omega^{\Omega^{\Omega^\Omega+1}})","\psi(\Omega^{\Omega^{\Omega^\Omega+1}})"
"\psi(\Omega^{\Omega^{\Omega^\Omega+2}})","\psi(\Omega^{\Omega^{\Omega^\Omega+2}})"
"\psi(\Omega^{\Omega^{\Omega^\Omega+\omega}})","\psi(\Omega^{\Omega^{\Omega^\Omega+\omega}})"
"\psi(\Omega^{\Omega^{\Omega^\Omega+\psi(\Omega^{\Omega^\Omega})}})","\psi(\Omega^{\Omega^{\Omega^\Omega+\psi(\Omega^{\Omega^\Omega})}})"
"\psi(\Omega^{\Omega^{\Omega^\Omega + \Omega^{\psi(\Omega^{\Omega^\Omega})}}})","\psi(\Omega^{\Omega^{\Omega^\Omega + \Omega^{\psi(\Omega^{\Omega^\Omega})}}})"
"\psi(\Omega^{\Omega^{\Omega^\Omega \cdot 2}})","\psi(\Omega^{\Omega^{\Omega^\Omega \cdot 2}})"
"\psi(\Omega^{\Omega^{\Omega^\Omega \cdot 2+1}})","\psi(\Omega^{\Omega^{\Omega^\Omega \cdot 2+1}})"
"\psi(\Omega^{\Omega^{\Omega^\Omega \cdot 2 + \psi(\Omega^{\Omega^\Omega \cdot 2})}})","\psi(\Omega^{\Omega^{\Omega^\Omega \cdot 2 + \psi(\Omega^{\Omega^\Omega \cdot 2})}})"
"\psi(\Omega^{\Omega^{\Omega^\Omega \cdot 3}})","\psi(\Omega^{\Omega^{\Omega^\Omega \cdot 3}})"
"\psi(\Omega^{\Omega^{\Omega^\Omega \cdot \omega}})","\psi(\Omega^{\Omega^{\Omega^\Omega \cdot \omega}})"
"\psi(\Omega^{\Omega^{\Omega^\Omega \cdot \psi(\Omega^{\Omega^\Omega})}})","\psi(\Omega^{\Omega^{\Omega^\Omega \cdot \psi(\Omega^{\Omega^\Omega})}})"
"\psi(\Omega^{\Omega^{\Omega^{\Omega^\Omega}}})","\psi(\Omega^{\Omega^{\Omega^{\Omega^\Omega}}})"
"\psi(\Omega^{\Omega^{\Omega^{\Omega^\Omega+1}}})","\psi(\Omega^{\Omega^{\Omega^{\Omega^\Omega+1}}})"
"\psi(\Omega^{\Omega^{\Omega^{\Omega^\Omega+2}}})","\psi(\Omega^{\Omega^{\Omega^{\Omega^\Omega+2}}})"
"\psi(\Omega^{\Omega^{\Omega^{\Omega^\Omega+\omega}}})","\psi(\Omega^{\Omega^{\Omega^{\Omega^\Omega+\omega}}})"
"\psi(\Omega^{\Omega^{\Omega^{\Omega^\Omega+\psi(\Omega^{\Omega^\Omega})}}})","\psi(\Omega^{\Omega^{\Omega^{\Omega^\Omega+\psi(\Omega^{\Omega^\Omega})}}})"
"\psi(\Omega^{\Omega^{\Omega^{\Omega^\Omega \cdot 2}}})","\psi(\Omega^{\Omega^{\Omega^{\Omega^\Omega \cdot 2}}})"
"\psi(\Omega^{\Omega^{\Omega^{\Omega^\Omega \cdot 3}}})","\psi(\Omega^{\Omega^{\Omega^{\Omega^\Omega \cdot 3}}})"
"\psi(\Omega^{\Omega^{\Omega^{\Omega^\Omega \cdot \omega}}})","\psi(\Omega^{\Omega^{\Omega^{\Omega^\Omega \cdot \omega}}})"
"\psi(\Omega^{\Omega^{\Omega^{\Omega^\Omega \cdot \psi(\Omega^{\Omega^\Omega})}}})","\psi(\Omega^{\Omega^{\Omega^{\Omega^\Omega \cdot \psi(\Omega^{\Omega^\Omega})}}})"
"\psi(\Omega_2)","\psi(\psi_1(0))"
"\psi(\Omega_2 + \Omega)","\psi(\psi_1(0) + 1)"
"\psi(\Omega_2 + \Omega^2)","\psi(\psi_1(0) + \Omega)"
"\psi(\Omega_2 + \Omega^{\Omega^2})","\psi(\psi_1(0) + \Omega^{\Omega^2})"
"\psi(\Omega_2 + \psi_1(\Omega_2))","\psi(\psi_1(0) \cdot 2)"
"\psi(\Omega_2 + \psi_1(\Omega_2) \cdot 2)","\psi(\psi_1(0) \cdot 3)"
"\psi(\Omega_2 + \psi_1(\Omega_2 + 1))","\psi(\psi_1(0) \cdot \omega)"
"\psi(\Omega_2 + \psi_1(\Omega_2 + \psi(\Omega_2)))","\psi(\psi_1(0) \cdot \psi(\psi_1(0)))"
"\psi(\Omega_2 + \psi_1(\Omega_2 + \Omega))","\psi(\psi_1(0) \cdot \Omega)"
"\psi(\Omega_2 + \psi_1(\Omega_2 + \Omega^{\Omega^2}))","\psi(\psi_1(0) \cdot \Omega^{\Omega^2})"
"\psi(\Omega_2 + \psi_1(\Omega_2 + \psi_1(\Omega_2)))","\psi(\psi_1(0)^2)"
"\psi(\Omega_2 + \psi_1(\Omega_2 + \psi_1(\Omega_2)) \cdot 2)","\psi(\psi_1(0)^2 \cdot 2)"
"\psi(\Omega_2 + \psi_1(\Omega_2 + \psi_1(\Omega_2) \cdot 2))","\psi(\psi_1(0)^3)"
"\psi(\Omega_2 + \psi_1(\Omega_2 + \psi_1(\Omega_2 + 1)))","\psi(\psi_1(0)^\omega)"
"\psi(\Omega_2 + \psi_1(\Omega_2 + \psi_1(\Omega_2 + \Omega)))","\psi(\psi_1(0)^\Omega)"
"\psi(\Omega_2 + \psi_1(\Omega_2 + \psi_1(\Omega_2 + \Omega^{\Omega^2})))","\psi(\psi_1(0)^{\Omega^{\Omega^2}})"
"\psi(\Omega_2 + \psi_1(\Omega_2 + \psi_1(\Omega_2 + \psi_1(\Omega_2))))","\psi(\psi_1(0)^{\psi_1(0)})"
"\psi(\Omega_2 \cdot 2)","\psi(\psi_1(1))"
"\psi(\Omega_2 \cdot 2 + \psi_1(\Omega_2))","\psi(\psi_1(1) + \psi_1(0))"
"\psi(\Omega_2 \cdot 2 + \psi_1(\Omega_2 \cdot 2))","\psi(\psi_1(1) \cdot 2)"
"\psi(\Omega_2 \cdot 2 + \psi_1(\Omega_2 \cdot 2 + \psi_1(\Omega_2 \cdot 2)))","\psi(\psi_1(1)^2)"
"\psi(\Omega_2 \cdot 3)","\psi(\psi_1(2))"
"\psi(\Omega_2 \cdot \omega)","\psi(\psi_1(\omega))"
"\psi(\Omega_2 \cdot \psi(\Omega_2))","\psi(\psi_1(\psi(\psi_1(0))))"
"\psi(\Omega_2 \cdot \Omega)","\psi(\psi_1(\Omega))"
"\psi(\Omega_2 \cdot \Omega^2)","\psi(\psi_1(\Omega^2))"
"\psi(\Omega_2 \cdot \psi_1(\Omega_2))","\psi(\psi_1(\psi_1(0)))"
"\psi(\Omega_2^2)","\psi(\Omega_2)"
"ψ(Ω_2^2+ψ_1(Ω_2))","\psi(\Omega_{2} + \psi_{1}(0))"
"\psi(\Omega_2^2 + \psi_1(\Omega_2^2))","\psi(\Omega_2 + \psi_1(\Omega_2))"
"\psi(\Omega_2^2 + \Omega_2)","\psi(\Omega_2 + \psi_1(\Omega_2 + 1))"
"ψ(Ω_2^2+Ω_2×ψ_1(Ω_2))","\psi(\Omega_{2} + \psi_{1}(\Omega_{2} + \psi_{1}(0)))"
"\psi(\Omega_2^2 + \Omega_2 \cdot \psi_1(\Omega_2^2))","\psi(\Omega_2 + \psi_1(\Omega_2 + \psi_1(\Omega_2)))"
"\psi(\Omega_2^2 \cdot 2)","\psi(\Omega_2 \cdot 2)"
"\psi(\Omega_2^2 \cdot \Omega)","\psi(\Omega_2 \cdot \Omega)"
"\psi(\Omega_2^2 \cdot \psi_1(\Omega_2^2))","\psi(\Omega_2 \cdot \psi_1(\Omega_2))"
"\psi(\Omega_2^3)","\psi(\Omega_2^2)"
"ψ(Ω_2^3+ψ_1(Ω_2))","\psi(\Omega_{2}^{2} + \psi_{1}(0))"
"\psi(\Omega_2^4)","\psi(\Omega_2^3)"
"\psi(\Omega_2^\omega)","\psi(\Omega_2^\omega)"
"\psi( \Omega_2^{\psi(\Omega_2^\omega)})","\psi(\Omega_2^{\psi(\Omega_2^\omega)})"
"\psi( \Omega_2^\Omega)","\psi(\Omega_2^\Omega)"
"\psi( \Omega_2^{\psi_1(\Omega_2^\Omega)})","\psi(\Omega_2^{\psi_1(\Omega_2^\Omega)})"
"\psi( \Omega_2^{\Omega_2})","\psi(\Omega_2^{\Omega_2})"
"\psi( \Omega_2^{\Omega_2} + \Omega)","\psi(\Omega_2^{\Omega_2} + 1)"
"\psi( \Omega_2^{\Omega_2} + \psi_1(\Omega_2))","\psi(\Omega_2^{\Omega_2} + \psi_1(0))"
"\psi( \Omega_2^{\Omega_2} + \psi_1(\Omega_2^{\Omega_2}))","\psi(\Omega_2^{\Omega_2} + \psi_1(\Omega_2^{\Omega_2}))"
"\psi(\Omega_2^{\Omega_2} + \Omega_2)","\psi(\Omega_{2}^{\Omega_{2}} + \psi_{1}(\Omega_{2}^{\Omega_{2}} + 1))"
"\psi( \Omega_2^{\Omega_2} + \Omega_2^\omega)","\psi(\Omega_2^{\Omega_2} + \Omega_2^\omega)"
"\psi( \Omega_2^{\Omega_2} + \Omega_2^\Omega)","\psi(\Omega_2^{\Omega_2} + \Omega_2^\Omega)"
"\psi( \Omega_2^{\Omega_2} + \Omega_2^{\psi_1(\Omega_2)})","\psi(\Omega_{2}^{\Omega_{2}} + \Omega_{2}^{\psi_{1}(0)})"
"\psi( \Omega_2^{\Omega_2} + \Omega_2^{\psi_1(\Omega_2^{\Omega_2})})","\psi(\Omega_2^{\Omega_2} + \Omega_2^{\psi_1(\Omega_2^{\Omega_2})})"
"\psi( \Omega_2^{\Omega_2} \cdot 2)","\psi(\Omega_2^{\Omega_2} \cdot 2)"
"\psi(\Omega_2^{\Omega_2} \cdot \Omega)","\psi(\Omega_2^{\Omega_2} \cdot \Omega)"
"\psi(\Omega_2^{\Omega_2} \cdot \psi_1(\Omega_2))","\psi(\Omega_2^{\Omega_2} \cdot \psi_1(0))"
"\psi( \Omega_2^{\Omega_2+1})","\psi(\Omega_2^{\Omega_2+1})"
"\psi( \Omega_2^{\Omega_2 \cdot 2})","\psi(\Omega_2^{\Omega_2 \cdot 2})"
"\psi( \Omega_2^{\Omega_2 \cdot \Omega})","\psi(\Omega_2^{\Omega_2 \cdot \Omega})"
"\psi( \Omega_2^{\Omega_2^2})","\psi(\Omega_2^{\Omega_2^2})"
"\psi( \Omega_2^{\Omega_2^2 \cdot 2})","\psi(\Omega_2^{\Omega_2^2 \cdot 2})"
"\psi( \Omega_2^{\Omega_2^3})","\psi(\Omega_2^{\Omega_2^3})"
"\psi( \Omega_2^{\Omega_2^\omega})","\psi(\Omega_2^{\Omega_2^\omega})"
"\psi( \Omega_2^{\Omega_2^\Omega})","\psi(\Omega_2^{\Omega_2^\Omega})"
"\psi( \Omega_2^{\Omega_2^{\Omega_2}})","\psi(\Omega_2^{\Omega_2^{\Omega_2}})"
"\psi( \Omega_2^{\Omega_2^{\Omega_2}} \cdot 2)","\psi(\Omega_2^{\Omega_2^{\Omega_2}} \cdot 2)"
"\psi( \Omega_2^{\Omega_2^{\Omega_2 \cdot 2}})","\psi(\Omega_2^{\Omega_2^{\Omega_2 \cdot 2}})"
"\psi( \Omega_2^{\Omega_2^{\Omega_2^2}})","\psi(\Omega_2^{\Omega_2^{\Omega_2^2}})"
"\psi( \Omega_2^{\Omega_2^{\Omega_2^{\Omega_2}}})","\psi(\Omega_2^{\Omega_2^{\Omega_2^{\Omega_2}}})"
"\psi( \Omega_2^{\Omega_2^{\Omega_2^{\Omega_2^\omega}}})","\psi(\Omega_2^{\Omega_2^{\Omega_2^{\Omega_2^\omega}}})"
"\psi( \Omega_3)","\psi(\psi_2(0))"
"\psi( \Omega_3 + \Omega)","\psi(\psi_2(0) + 1)"
"\psi( \Omega_3 + \Omega^\Omega)","\psi(\psi_2(0) + \Omega^\Omega)"
"\psi( \Omega_3 + \psi_1(\Omega_2))","\psi(\psi_2(0) + \psi_1(0))"
"\psi( \Omega_3 + \psi_1(\Omega_3))","\psi(\psi_2(0) + \psi_1(\psi_2(0)))"
"\psi(\Omega_{3} + \Omega_{2})","\psi(\psi_{2}(0) + \psi_{1}(\psi_{2}(0) + 1))"
"\psi( \Omega_3 + \Omega_2^{\Omega_2})","\psi(\psi_2(0) + \Omega_2^{\Omega_2})"
"\psi( \Omega_3 + \psi_2(\Omega_3))","\psi(\psi_2(0) \cdot 2)"
"\psi( \Omega_3 \cdot 2)","\psi(\psi_2(1))"
"\psi( \Omega_3^2)","\psi(\Omega_3)"
"\psi(\Omega_3^\omega)","\psi(\Omega_3^\omega)"
"\psi(\Omega_3^\Omega)","\psi(\Omega_3^\Omega)"
"\psi(\Omega_3^{\Omega_2})","\psi(\Omega_3^{\Omega_2})"
"\psi(\Omega_3^{\Omega_3^\Omega})","\psi(\Omega_3^{\Omega_3^\Omega})"
"\psi(\Omega_3^{\Omega_3^\Omega+1})","\psi(\Omega_3^{\Omega_3^\Omega+1})"
"\psi(\Omega_3^{\Omega_3^\Omega \cdot 2})","\psi(\Omega_3^{\Omega_3^\Omega \cdot 2})"
"\psi(\Omega_3^{\Omega_3^\Omega \cdot \omega})","\psi(\Omega_3^{\Omega_3^\Omega \cdot \omega})"
"\psi(\Omega_3^{\Omega_3^\Omega \cdot \omega^2})","\psi(\Omega_3^{\Omega_3^\Omega \cdot \omega^2})"
"\psi(\Omega_3^{\Omega_3^{\Omega_3^\Omega}})","\psi(\Omega_3^{\Omega_3^{\Omega_3^\Omega}})"
"\psi(\Omega_4)","\psi(\psi_3(0))"
"\psi(\Omega_4 + \Omega \cdot \psi(\Omega_4))","\psi(\psi_3(0) + \psi(\psi_3(0)))"
"\psi(\Omega_4 + \Omega^2)","\psi(\psi_3(0) + \Omega)"
"\psi(\Omega_4 + \Omega_2 \cdot \psi_1(\Omega_4))","\psi(\psi_3(0) + \psi_1(\psi_3(0)))"
"\psi(\Omega_4 + \Omega_2^2)","\psi(\psi_3(0) + \Omega_2)"
"\psi(\Omega_4 + \Omega_3 \cdot \psi_2(\Omega_4))","\psi(\psi_3(0) + \psi_2(\psi_3(0)))"
"\psi(\Omega_4 \cdot 2)","\psi(\psi_3(1))"
"\psi(\Omega_4 \cdot \Omega_3^2)","\psi(\psi_3(\Omega_3^2))"
"\psi(\Omega_4 \cdot \psi_3(\Omega_4))","\psi(\psi_3(\psi_3(0)))"
"\psi(\Omega_4^2)","\psi(\Omega_4)"
"\psi(\Omega_4^\omega)","\psi(\Omega_4^\omega)"
"\psi(\Omega_4^{\Omega_4})","\psi(\Omega_4^{\Omega_4})"
"\psi(\Omega_5)","\psi(\psi_4(0))"
"\psi(\Omega_5^2)","\psi(\Omega_5)"
"\psi(\Omega_5^{\Omega_5})","\psi(\Omega_5^{\Omega_5})"
"\psi(\Omega_6)","\psi(\psi_5(0))"
"\psi(\Omega_7)","\psi(\psi_6(0))"
"\psi(\Omega_\omega)","\psi(\Omega_\omega)"
"ψ(Ω_(ω)+1)","\psi(\Omega_\omega)\times\omega","\psi(\Omega_{\omega})\omega"
"ψ(Ω_(ω)+ω)","\psi(\Omega_\omega)\times\omega^\omega","\psi(\Omega_{\omega})\omega^{\omega}"
"ψ(Ω_(ω)+ψ(Ω))","\psi(\Omega_\omega)\times\psi(0)","\psi(\Omega_{\omega})\psi(0)"
"ψ(Ω_(ω)+ψ(Ω^{2}))","\psi(\Omega_\omega)\times\psi(\Omega)","\psi(\Omega_{\omega})\psi(\Omega)"
"ψ(Ω_(ω)+ψ(Ω_(2)))","\psi(\Omega_\omega)\times\psi(\psi_1(0))","\psi(\Omega_{\omega})\psi(\psi_{1}(0))"
"ψ(Ω_(ω)+ψ(Ω_(3)))","\psi(\Omega_\omega)\times\psi(\psi_2(0))","\psi(\Omega_{\omega})\psi(\psi_{2}(0))"
"ψ(Ω_(ω)+ψ(Ω_(ω))×2)","\psi(\Omega_\omega)^3","\psi(\Omega_{\omega})^{3}"
"ψ(Ω_(ω)+ψ(Ω_(ω)+1))","\psi(\Omega_\omega)^\omega","\psi(\Omega_{\omega})^{\omega}"
"ψ(Ω_(ω)+ψ(Ω_(ω)+ψ(Ω_(ω))))","\psi(\Omega_\omega)^{\psi(\Omega_\omega)}","\psi(\Omega_{\omega})^{\psi(\Omega_{\omega})}"
"ψ(Ω_(ω)+ψ(Ω_(ω)+ψ(Ω_(ω)+ψ(Ω_(ω)))))","\psi(\Omega_\omega)^{\psi(\Omega_\omega)^{\psi(\Omega_\omega)}}","\psi(\Omega_{\omega})^{\psi(\Omega_{\omega})^{\psi(\Omega_{\omega})}}"
"ψ(Ω_(ω)+Ω)","\psi(\Omega_\omega+1)","\psi(\Omega_{\omega} + 1)"
"ψ(Ω_(ω)+Ω×2)","\psi(\Omega_\omega+2)","\psi(\Omega_{\omega} + 2)"
"ψ(Ω_(ω)+Ω×ω)","\psi(\Omega_\omega+\omega)","\psi(\Omega_{\omega} + \omega)"
"ψ(Ω_(ω)+Ω×ω^{ω})","\psi(\Omega_\omega+\omega^\omega)","\psi(\Omega_{\omega} + \omega^{\omega})"
"ψ(Ω_(ω)+Ω×ψ(Ω))","\psi(\Omega_\omega+\psi(0))","\psi(\Omega_{\omega} + \psi(0))"
"ψ(Ω_(ω)+Ω×ψ(Ω×2))","\psi(\Omega_\omega+\psi(1))","\psi(\Omega_{\omega} + \psi(1))"
"ψ(Ω_(ω)+Ω×ψ(Ω^{2}))","\psi(\Omega_\omega+\psi(\Omega))","\psi(\Omega_{\omega} + \psi(\Omega))"
"ψ(Ω_(ω)+Ω×ψ(Ω_(2)))","\psi(\Omega_\omega+\psi(\psi_1(0)))","\psi(\Omega_{\omega} + \psi(\psi_{1}(0)))"
"ψ(Ω_(ω)+Ω×ψ(Ω_(ω)))","\psi(\Omega_\omega+\psi(\Omega_\omega))","\psi(\Omega_{\omega} + \psi(\Omega_{\omega}))"
"ψ(Ω_(ω)+Ω×ψ(Ω_(ω)+Ω))","\psi(\Omega_\omega+\psi(\Omega_\omega+1))","\psi(\Omega_{\omega} + \psi(\Omega_{\omega} + 1))"
"ψ(Ω_(ω)+Ω×ψ(Ω_(ω)+Ω×ψ(Ω_(ω))))","\psi(\Omega_\omega+\psi(\Omega_\omega+\psi(\Omega_\omega)))","\psi(\Omega_{\omega} + \psi(\Omega_{\omega} + \psi(\Omega_{\omega})))"
"ψ(Ω_(ω)+Ω^{2})","\psi(\Omega_\omega+\Omega)","\psi(\Omega_{\omega} + \Omega)"
"ψ(Ω_(ω)+Ω^{2}×ω)","\psi(\Omega_\omega+\Omega\times\omega)","\psi(\Omega_{\omega} + \Omega\omega)"
"ψ(Ω_(ω)+Ω^{3})","\psi(\Omega_\omega+\Omega^2)","\psi(\Omega_{\omega} + \Omega^{2})"
"ψ(Ω_(ω)+Ω^{ω})","\psi(\Omega_\omega+\Omega^\omega)","\psi(\Omega_{\omega} + \Omega^{\omega})"
"ψ(Ω_(ω)+Ω^{ψ(Ω_(ω))})","\psi(\Omega_\omega+\Omega^{\psi(\Omega_\omega)})","\psi(\Omega_{\omega} + \Omega^{\psi(\Omega_{\omega})})"
"ψ(Ω_(ω)+Ω^{Ω})","\psi(\Omega_\omega+\Omega^\Omega)","\psi(\Omega_{\omega} + \Omega^{\Omega})"
"ψ(Ω_(ω)+ψ_(1)(Ω_(2)))","\psi(\Omega_\omega+\psi_1(0))","\psi(\Omega_{\omega} + \psi_{1}(0))"
"ψ(Ω_(ω)+ψ_(1)(Ω_(2)+1))","\psi(\Omega_\omega+\psi_1(0)\times\omega)","\psi(\Omega_{\omega} + \psi_{1}(0)\omega)"
"ψ(Ω_(ω)+ψ_(1)(Ω_(2)+Ω))","\psi(\Omega_\omega+\psi_1(0)\times\Omega)","\psi(\Omega_{\omega} + \psi_{1}(0)\Omega)"
"ψ(Ω_(ω)+ψ_(1)(Ω_(2)+ψ_(1)(Ω_(2))))","\psi(\Omega_\omega+\psi_1(0)^2)","\psi(\Omega_{\omega} + \psi_{1}(0)^{2})"
"ψ(Ω_(ω)+ψ_(1)(Ω_(2)+ψ_(1)(Ω_(2)+1)))","\psi(\Omega_\omega+\psi_1(0)^\omega)","\psi(\Omega_{\omega} + \psi_{1}(0)^{\omega})"
"ψ(Ω_(ω)+ψ_(1)(Ω_(2)+ψ_(1)(Ω_(2)+Ω)))","\psi(\Omega_\omega+\psi_1(0)^\Omega)","\psi(\Omega_{\omega} + \psi_{1}(0)^{\Omega})"
"ψ(Ω_(ω)+ψ_(1)(Ω_(2)+ψ_(1)(Ω_(2)+Ω×2)))","\psi(\Omega_\omega+\psi_1(0)^{\Omega^2})","\psi(\Omega_{\omega} + \psi_{1}(0)^{\Omega^{2}})"
"ψ(Ω_(ω)+ψ_(1)(Ω_(2)+ψ_(1)(Ω_(2)+Ω^{2})))","\psi(\Omega_\omega+\psi_1(0)^{\Omega^\Omega})","\psi(\Omega_{\omega} + \psi_{1}(0)^{\Omega^{\Omega}})"
"ψ(Ω_(ω)+ψ_(1)(Ω_(2)+ψ_(1)(Ω_(2)+ψ_(1)(Ω_(2)))))","\psi(\Omega_\omega+\psi_1(0)^{\psi_1(0)})","\psi(\Omega_{\omega} + \psi_{1}(0)^{\psi_{1}(0)})"
"ψ(Ω_(ω)+ψ_(1)(Ω_(2)×2))","\psi(\Omega_\omega+\psi_1(1))","\psi(\Omega_{\omega} + \psi_{1}(1))"
"ψ(Ω_(ω)+ψ_(1)(Ω_(2)×ω))","\psi(\Omega_\omega+\psi_1(\omega))","\psi(\Omega_{\omega} + \psi_{1}(\omega))"
"ψ(Ω_(ω)+ψ_(1)(Ω_(2)×Ω))","\psi(\Omega_\omega+\psi_1(\Omega))","\psi(\Omega_{\omega} + \psi_{1}(\Omega))"
"ψ(Ω_(ω)+ψ_(1)(Ω_(2)×Ω×ω))","\psi(\Omega_\omega+\psi_1(\Omega\times\omega))","\psi(\Omega_{\omega} + \psi_{1}(\Omega\omega))"
"ψ(Ω_(ω)+ψ_(1)(Ω_(2)×Ω^{2}))","\psi(\Omega_\omega+\psi_1(\Omega^2))","\psi(\Omega_{\omega} + \psi_{1}(\Omega^{2}))"
"ψ(Ω_(ω)+ψ_(1)(Ω_(2)×Ω^{ω}))","\psi(\Omega_\omega+\psi_1(\Omega^\omega))","\psi(\Omega_{\omega} + \psi_{1}(\Omega^{\omega}))"
"ψ(Ω_(ω)+ψ_(1)(Ω_(2)×Ω^{Ω}))","\psi(\Omega_\omega+\psi_1(\Omega^\Omega))","\psi(\Omega_{\omega} + \psi_{1}(\Omega^{\Omega}))"
"ψ(Ω_(ω)+ψ_(1)(Ω_(2)×ψ_(1)(Ω_(2))))","\psi(\Omega_\omega+\psi_1(\psi_1(0)))","\psi(\Omega_{\omega} + \psi_{1}(\psi_{1}(0)))"
"ψ(Ω_(ω)+ψ_(1)(Ω_(2)×ψ_(1)(Ω_(2))+Ω_(2)))","\psi(\Omega_\omega+\psi_1(\psi_1(0)+1))","\psi(\Omega_{\omega} + \psi_{1}(\psi_{1}(0) + 1))"
"ψ(Ω_(ω)+ψ_(1)(Ω_(2)×ψ_(1)(Ω_(2)×2)))","\psi(\Omega_\omega+\psi_1(\psi_1(1)))","\psi(\Omega_{\omega} + \psi_{1}(\psi_{1}(1)))"
"ψ(Ω_(ω)+ψ_(1)(Ω_(2)×ψ_(1)(Ω_(2)×ω)))","\psi(\Omega_\omega+\psi_1(\psi_1(\omega)))","\psi(\Omega_{\omega} + \psi_{1}(\psi_{1}(\omega)))"
"ψ(Ω_(ω)+ψ_(1)(Ω_(2)×ψ_(1)(Ω_(2)×Ω)))","\psi(\Omega_\omega+\psi_1(\psi_1(\Omega)))","\psi(\Omega_{\omega} + \psi_{1}(\psi_{1}(\Omega)))"
"ψ(Ω_(ω)+ψ_(1)(Ω_(2)^{2}))","\psi(\Omega_\omega+\psi_1(\Omega_2))","\psi(\Omega_{\omega} + \psi_{1}(\Omega_{2}))"
"ψ(Ω_(ω)+ψ_(1)(Ω_(2)^{2}+1))","\psi(\Omega_\omega+\psi_1(\Omega_2)\times\omega)","\psi(\Omega_{\omega} + \psi_{1}(\Omega_{2})\omega)"
"ψ(Ω_(ω)+ψ_(1)(Ω_(2)^{2}+Ω))","\psi(\Omega_\omega+\psi_1(\Omega_2)\times\Omega)","\psi(\Omega_{\omega} + \psi_{1}(\Omega_{2})\Omega)"
"ψ(Ω_(ω)+ψ_(1)(Ω_(2)^{2}+ψ_(1)(Ω_(2))))","\psi(\Omega_\omega+\psi_1(\Omega_2)\times\psi_1(0))","\psi(\Omega_{\omega} + \psi_{1}(\Omega_{2})\psi_{1}(0))"
"ψ(Ω_(ω)+ψ_(1)(Ω_(2)^{2}+ψ_(1)(Ω_(2)^{2})))","\psi(\Omega_\omega+\psi_1(\Omega_2)^2)","\psi(\Omega_{\omega} + \psi_{1}(\Omega_{2})^{2})"
"ψ(Ω_(ω)+ψ_(1)(Ω_(2)^{2}+ψ_(1)(Ω_(2)^{2}+ψ_(1)(Ω_(2)^{2}))))","\psi(\Omega_\omega+\psi_1(\Omega_2)^{\psi_1(\Omega_2)})","\psi(\Omega_{\omega} + \psi_{1}(\Omega_{2})^{\psi_{1}(\Omega_{2})})"
"ψ(Ω_(ω)+ψ_(1)(Ω_(2)^{2}+Ω_(2)))","\psi(\Omega_\omega+\psi_1(\Omega_2+1))","\psi(\Omega_{\omega} + \psi_{1}(\Omega_{2} + 1))"
"ψ(Ω_(ω)+ψ_(1)(Ω_(2)^{2}+Ω_(2)×Ω))","\psi(\Omega_\omega+\psi_1(\Omega_2+\Omega))","\psi(\Omega_{\omega} + \psi_{1}(\Omega_{2} + \Omega))"
"ψ(Ω_(ω)+ψ_(1)(Ω_(2)^{2}+Ω_(2)×Ω^{ω}))","\psi(\Omega_\omega+\psi_1(\Omega_2+\Omega^\omega))","\psi(\Omega_{\omega} + \psi_{1}(\Omega_{2} + \Omega^{\omega}))"
"ψ(Ω_(ω)+ψ_(1)(Ω_(2)^{2}+Ω_(2)×Ω^{Ω}))","\psi(\Omega_\omega+\psi_1(\Omega_2+\Omega^\Omega))","\psi(\Omega_{\omega} + \psi_{1}(\Omega_{2} + \Omega^{\Omega}))"
"ψ(Ω_(ω)+ψ_(1)(Ω_(2)^{2}+Ω_(2)×ψ_(1)(Ω_(2))))","\psi(\Omega_\omega+\psi_1(\Omega_2+\psi_1(0)))","\psi(\Omega_{\omega} + \psi_{1}(\Omega_{2} + \psi_{1}(0)))"
"ψ(Ω_(ω)+ψ_(1)(Ω_(2)^{2}+Ω_(2)×ψ_(1)(Ω_(2)×ψ_(1)(Ω_(2)))))","\psi(\Omega_\omega+\psi_1(\Omega_2+\psi_1(\psi_1(0))))","\psi(\Omega_{\omega} + \psi_{1}(\Omega_{2} + \psi_{1}(\psi_{1}(0))))"
"ψ(Ω_(ω)+ψ_(1)(Ω_(2)^{2}+Ω_(2)×ψ_(1)(Ω_(2)^{2})))","\psi(\Omega_\omega+\psi_1(\Omega_2+\psi_1(\Omega_2)))","\psi(\Omega_{\omega} + \psi_{1}(\Omega_{2} + \psi_{1}(\Omega_{2})))"
"ψ(Ω_(ω)+ψ_(1)(Ω_(2)^{2}×2))","\psi(\Omega_\omega+\psi_1(\Omega_2\times2))","\psi(\Omega_{\omega} + \psi_{1}(\Omega_{2}2))"
"ψ(Ω_(ω)+ψ_(1)(Ω_(2)^{2}×ω))","\psi(\Omega_\omega+\psi_1(\Omega_2\times\omega))","\psi(\Omega_{\omega} + \psi_{1}(\Omega_{2}\omega))"
"ψ(Ω_(ω)+ψ_(1)(Ω_(2)^{2}×Ω))","\psi(\Omega_\omega+\psi_1(\Omega_2\times\Omega))","\psi(\Omega_{\omega} + \psi_{1}(\Omega_{2}\Omega))"
"ψ(Ω_(ω)+ψ_(1)(Ω_(2)^{2}×ψ_(1)(Ω_(2))))","\psi(\Omega_\omega+\psi_1(\Omega_2\times\psi_1(0)))","\psi(\Omega_{\omega} + \psi_{1}(\Omega_{2}\psi_{1}(0)))"
"ψ(Ω_(ω)+ψ_(1)(Ω_(2)^{3}))","\psi(\Omega_\omega+\psi_1(\Omega_2^2))","\psi(\Omega_{\omega} + \psi_{1}(\Omega_{2}^{2}))"
"ψ(Ω_ω+ψ_1(Ω_2^ω+ω))","\psi(\Omega_{\omega} + \psi_{1}(\Omega_{2}^{\omega})\omega^{\omega})"
"ψ(Ω_(ω)+ψ_(1)(Ω_(2)^{Ω}))","\psi(\Omega_\omega+\psi_1(\Omega_2^{\Omega}))","\psi(\Omega_{\omega} + \psi_{1}(\Omega_{2}^{\Omega}))"
"ψ(Ω_(ω)+ψ_(1)(Ω_(2)^{Ω_(2)}))","\psi(\Omega_\omega+\psi_1(\Omega_2^{\Omega_2}))","\psi(\Omega_{\omega} + \psi_{1}(\Omega_{2}^{\Omega_{2}}))"
"ψ(Ω_(ω)+ψ_(1)(Ω_(3)))","\psi(\Omega_\omega+\psi_1(\psi_2(0)))","\psi(\Omega_{\omega} + \psi_{1}(\psi_{2}(0)))"
"ψ(Ω_(ω)+ψ_(1)(Ω_(3)×2))","\psi(\Omega_\omega+\psi_1(\psi_2(1)))","\psi(\Omega_{\omega} + \psi_{1}(\psi_{2}(1)))"
"ψ(Ω_(ω)+ψ_(1)(Ω_(3)×ω))","\psi(\Omega_\omega+\psi_1(\psi_2(\omega)))","\psi(\Omega_{\omega} + \psi_{1}(\psi_{2}(\omega)))"
"ψ(Ω_(ω)+ψ_(1)(Ω_(3)×Ω))","\psi(\Omega_\omega+\psi_1(\psi_2(\Omega)))","\psi(\Omega_{\omega} + \psi_{1}(\psi_{2}(\Omega)))"
"ψ(Ω_(ω)+ψ_(1)(Ω_(3)×ψ_(1)(Ω_(2))))","\psi(\Omega_\omega+\psi_1(\psi_2(\psi_1(0))))","\psi(\Omega_{\omega} + \psi_{1}(\psi_{2}(\psi_{1}(0))))"
"ψ(Ω_(ω)+ψ_(1)(Ω_(3)×Ω_(2)))","\psi(\Omega_\omega+\psi_1(\psi_2(\Omega_2)))","\psi(\Omega_{\omega} + \psi_{1}(\psi_{2}(\Omega_{2})))"
"ψ(Ω_(ω)+ψ_(1)(Ω_(3)×ψ_(2)(Ω_(3))))","\psi(\Omega_\omega+\psi_1(\psi_2(\psi_2(0))))","\psi(\Omega_{\omega} + \psi_{1}(\psi_{2}(\psi_{2}(0))))"
"ψ(Ω_(ω)+ψ_(1)(Ω_(3)^{2}))","\psi(\Omega_\omega+\psi_1(\Omega_3))","\psi(\Omega_{\omega} + \psi_{1}(\Omega_{3}))"
"ψ(Ω_(ω)+ψ_(1)(Ω_(4)))","\psi(\Omega_\omega+\psi_1(\psi_3(0)))","\psi(\Omega_{\omega} + \psi_{1}(\psi_{3}(0)))"
"ψ(Ω_(ω)+ψ_(1)(Ω_(ω)))","\psi(\Omega_\omega+\psi_1(\Omega_\omega))","\psi(\Omega_{\omega} + \psi_{1}(\Omega_{\omega}))"
"ψ(Ω_(ω)+Ω_(2))","\psi(\Omega_\omega+\psi_1(\Omega_\omega+1))","\psi(\Omega_{\omega} + \psi_{1}(\Omega_{\omega} + 1))"
"ψ(Ω_(ω)+Ω_(2)×Ω)","\psi(\Omega_\omega+\psi_1(\Omega_\omega+\Omega))","\psi(\Omega_{\omega} + \psi_{1}(\Omega_{\omega} + \Omega))"
"ψ(Ω_(ω)+Ω_(2)×ψ_(1)(Ω_(2)))","\psi(\Omega_\omega+\psi_1(\Omega_\omega+\psi_1(0)))","\psi(\Omega_{\omega} + \psi_{1}(\Omega_{\omega} + \psi_{1}(0)))"
"ψ(Ω_(ω)+Ω_(2)×ψ_(1)(Ω_(ω)))","\psi(\Omega_\omega+\psi_1(\Omega_\omega+\psi_1(\Omega_\omega)))","\psi(\Omega_{\omega} + \psi_{1}(\Omega_{\omega} + \psi_{1}(\Omega_{\omega})))"
"ψ(Ω_(ω)+Ω_(2)^{2})","\psi(\Omega_\omega+\Omega_2)","\psi(\Omega_{\omega} + \Omega_{2})"
"ψ(Ω_(ω)+ψ_(2)(Ω_(3)))","\psi(\Omega_\omega+\psi_2(0))","\psi(\Omega_{\omega} + \psi_{2}(0))"
"ψ(Ω_(ω)+ψ_(2)(Ω_(3)×2))","\psi(\Omega_\omega+\psi_2(1))","\psi(\Omega_{\omega} + \psi_{2}(1))"
"ψ(Ω_(ω)+ψ_(2)(Ω_(ω)))","\psi(\Omega_\omega+\psi_2(\Omega_\omega))","\psi(\Omega_{\omega} + \psi_{2}(\Omega_{\omega}))"
"ψ(Ω_(ω)+Ω_(3))","\psi(\Omega_\omega+\psi_2(\Omega_\omega+1))","\psi(\Omega_{\omega} + \psi_{2}(\Omega_{\omega} + 1))"
"ψ(Ω_(ω)+Ω_(3)×ψ_(2)(Ω_(3)))","\psi(\Omega_\omega+\psi_2(\Omega_\omega+\psi_2(0)))","\psi(\Omega_{\omega} + \psi_{2}(\Omega_{\omega} + \psi_{2}(0)))"
"ψ(Ω_(ω)+Ω_(3)×ψ_(2)(Ω_(ω)))","\psi(\Omega_\omega+\psi_2(\Omega_\omega+\psi_2(\Omega_\omega)))","\psi(\Omega_{\omega} + \psi_{2}(\Omega_{\omega} + \psi_{2}(\Omega_{\omega})))"
"ψ(Ω_(ω)+Ω_(3)^{2})","\psi(\Omega_\omega+\Omega_3)","\psi(\Omega_{\omega} + \Omega_{3})"
"ψ(Ω_(ω)+ψ_(3)(Ω_(4)))","\psi(\Omega_\omega+\psi_3(0))","\psi(\Omega_{\omega} + \psi_{3}(0))"
"ψ(Ω_(ω)×2)","\psi(\Omega_\omega\times2)","\psi(\Omega_{\omega}2)"
"ψ(Ω_(ω)×3)","\psi(\Omega_\omega\times3)","\psi(\Omega_{\omega}3)"
"ψ(Ω_(ω)×ω)","\psi(\Omega_\omega\times\omega)","\psi(\Omega_{\omega}\omega)"
"ψ(Ω_(ω)×ω+Ω_(ω))","\psi(\Omega_\omega\times\omega+\Omega_\omega)","\psi(\Omega_{\omega}\omega + \Omega_{\omega})"
"ψ(Ω_(ω)×ω^{2})","\psi(\Omega_\omega\times\omega^2)","\psi(\Omega_{\omega}\omega^{2})"
"ψ(Ω_(ω)×ψ(Ω))","\psi(\Omega_\omega\times\psi(0))","\psi(\Omega_{\omega}\psi(0))"
"ψ(Ω_(ω)×ψ(Ω_(ω)))","\psi(\Omega_\omega\times\psi(\Omega_\omega))","\psi(\Omega_{\omega}\psi(\Omega_{\omega}))"
"ψ(Ω_(ω)×ψ(Ω_(ω)×2))","\psi(\Omega_\omega\times\psi(\Omega_\omega\times2))","\psi(\Omega_{\omega}\psi(\Omega_{\omega}2))"
"ψ(Ω_(ω)×ψ(Ω_(ω)×ψ(Ω_(ω))))","\psi(\Omega_\omega\times\psi(\Omega_\omega\times\psi(\Omega_\omega)))","\psi(\Omega_{\omega}\psi(\Omega_{\omega}\psi(\Omega_{\omega})))"
"ψ(Ω_(ω)×Ω)","\psi(\Omega_\omega\times\Omega)","\psi(\Omega_{\omega}\Omega)"
"ψ(Ω_(ω)×Ω+Ω)","\psi(\Omega_\omega\times\Omega+1)","\psi(\psi_{\omega}(\Omega + \Omega))"
"ψ(Ω_(ω)×Ω+Ω×ψ(Ω_(ω)))","\psi(\Omega_\omega\times\Omega+\psi(\Omega_\omega))","\psi(\Omega_{\omega}\Omega + \psi(\Omega_{\omega}))"
"ψ(Ω_(ω)×Ω+Ω^{2})","\psi(\Omega_\omega\times\Omega+\Omega)","\psi(\Omega_{\omega}\Omega + \Omega)"
"ψ(Ω_(ω)×Ω+ψ_(1)(Ω_(2)))","\psi(\Omega_\omega\times\Omega+\psi_1(0))","\psi(\Omega_{\omega}\Omega + \psi_{1}(0))"
"ψ(Ω_(ω)×Ω+ψ_(1)(Ω_(ω)))","\psi(\Omega_\omega\times\Omega+\psi_1(\Omega_\omega))","\psi(\Omega_{\omega}\Omega + \psi_{1}(\Omega_{\omega}))"
"ψ(Ω_(ω)×Ω+ψ_(1)(Ω_(ω)×Ω))","\psi(\Omega_\omega\times\Omega+\psi_1(\Omega_\omega\times\Omega))","\psi(\Omega_{\omega}\Omega + \psi_{1}(\Omega_{\omega}\Omega))"
"ψ(Ω_(ω)×Ω+Ω_(2))","\psi(\Omega_\omega\times\Omega+\psi_1(\Omega_\omega\times\Omega+1))","\psi(\Omega_{\omega}\Omega + \psi_{1}(\Omega_{\omega}\Omega + 1))"
"ψ(Ω_(ω)×Ω+Ω_(2)×ψ_(1)(Ω_(2)))","\psi(\Omega_\omega\times\Omega+\psi_1(\Omega_\omega\times\Omega+\psi_1(0)))","\psi(\Omega_{\omega}\Omega + \psi_{1}(\Omega_{\omega}\Omega + \psi_{1}(0)))"
"ψ(Ω_(ω)×Ω+Ω_(2)^{2})","\psi(\Omega_\omega\times\Omega+\Omega_2)","\psi(\Omega_{\omega}\Omega + \Omega_{2})"
"ψ(Ω_(ω)×Ω+Ω_(2)^{2}+ψ_(1)(Ω_(ω)))","\psi(\Omega_\omega\times\Omega+\Omega_2+\psi_1(\Omega_\omega))","\psi(\Omega_{\omega}\Omega + \Omega_{2} + \psi_{1}(\Omega_{\omega}))"
"ψ(Ω_(ω)×Ω+Ω_(2)^{2}+ψ_(1)(Ω_(ω)×Ω+Ω_(2)))","\psi(\Omega_\omega\times\Omega+\Omega_2+\psi_1(\Omega_\omega\times\Omega+1))","\psi(\Omega_{\omega}\Omega + \Omega_{2} + \psi_{1}(\Omega_{\omega}\Omega + 1))"
"ψ(Ω_(ω)×Ω+Ω_(2)^{2}+ψ_(1)(Ω_(ω)×Ω+Ω_(2)^{2}))","\psi(\Omega_\omega\times\Omega+\Omega_2+\psi_1(\Omega_\omega\times\Omega+\Omega_2))","\psi(\Omega_{\omega}\Omega + \Omega_{2} + \psi_{1}(\Omega_{\omega}\Omega + \Omega_{2}))"
"ψ(Ω_(ω)×Ω+Ω_(2)^{2}+Ω_(2))","\psi(\Omega_\omega\times\Omega+\Omega_2+\psi_1(\Omega_\omega\times\Omega+\Omega_2+1))","\psi(\Omega_{\omega}\Omega + \Omega_{2} + \psi_{1}(\Omega_{\omega}\Omega + \Omega_{2} + 1))"
"ψ(Ω_(ω)×Ω+Ω_(2)^{2}+Ω_(2)×ψ_(1)(Ω_(ω)))","\psi(\Omega_\omega\times\Omega+\Omega_2+\psi_1(\Omega_\omega\times\Omega+\Omega_2+\psi_1(\Omega_\omega)))","\psi(\Omega_{\omega}\Omega + \Omega_{2} + \psi_{1}(\Omega_{\omega}\Omega + \Omega_{2} + \psi_{1}(\Omega_{\omega})))"
"ψ(Ω_(ω)×Ω+Ω_(2)^{2}×2)","\psi(\Omega_\omega\times\Omega+\Omega_2\times2)","\psi(\Omega_{\omega}\Omega + \Omega_{2}2)"
"ψ(Ω_(ω)×Ω+Ω_(2)^{2}×ω)","\psi(\Omega_\omega\times\Omega+\Omega_2\times\omega)","\psi(\Omega_{\omega}\Omega + \Omega_{2}\omega)"
"ψ(Ω_(ω)×Ω+Ω_(2)^{3})","\psi(\Omega_\omega\times\Omega+\Omega_2^2)","\psi(\Omega_{\omega}\Omega + \Omega_{2}^{2})"
"ψ(Ω_(ω)×Ω+ψ_(2)(Ω_(3)))","\psi(\Omega_\omega\times\Omega+\psi_2(0))","\psi(\Omega_{\omega}\Omega + \psi_{2}(0))"
"ψ(Ω_(ω)×Ω+ψ_(2)(Ω_(ω)))","\psi(\Omega_\omega\times\Omega+\psi_2(\Omega_\omega))","\psi(\Omega_{\omega}\Omega + \psi_{2}(\Omega_{\omega}))"
"ψ(Ω_(ω)×Ω+ψ_(2)(Ω_(ω)×Ω))","\psi(\Omega_\omega\times\Omega+\psi_2(\Omega_\omega\times\Omega))","\psi(\Omega_{\omega}\Omega + \psi_{2}(\Omega_{\omega}\Omega))"
"ψ(Ω_(ω)×Ω+Ω_(3)^{2})","\psi(\Omega_\omega\times\Omega+\Omega_3)","\psi(\Omega_{\omega}\Omega + \Omega_{3})"
"ψ(Ω_(ω)×Ω+Ω_(ω)+ψ_(1)(Ω_(ω)))","\psi(\Omega_\omega\times\Omega+\Omega_\omega+\psi_1(\Omega_\omega))","\psi(\Omega_{\omega}\Omega + \Omega_{\omega} + \psi_{1}(\Omega_{\omega}))"
"ψ(Ω_(ω)×Ω+Ω_(ω)+ψ_(1)(Ω_(ω)×Ω))","\psi(\Omega_\omega\times\Omega+\Omega_\omega+\psi_1(\Omega_\omega\times\Omega))","\psi(\Omega_{\omega}\Omega + \Omega_{\omega} + \psi_{1}(\Omega_{\omega}\Omega))"
"ψ(Ω_(ω)×Ω+Ω_(ω)+ψ_(1)(Ω_(ω)×Ω+Ω_(2)×ψ_(1)(Ω_(ω))))","\psi(\Omega_\omega\times\Omega+\Omega_\omega+\psi_1(\Omega_\omega\times\Omega+\psi_1(\Omega_\omega)))","\psi(\Omega_{\omega}\Omega + \Omega_{\omega} + \psi_{1}(\Omega_{\omega}\Omega + \psi_{1}(\Omega_{\omega})))"
"ψ(Ω_(ω)×Ω+Ω_(ω)+ψ_(1)(Ω_(ω)×Ω+Ω_(2)^{2}))","\psi(\Omega_\omega\times\Omega+\Omega_\omega+\psi_1(\Omega_\omega\times\Omega+\Omega_2))","\psi(\Omega_{\omega}\Omega + \Omega_{\omega} + \psi_{1}(\Omega_{\omega}\Omega + \Omega_{2}))"
"ψ(Ω_(ω)×Ω+Ω_(ω)+ψ_(1)(Ω_(ω)×Ω+ψ_(2)(Ω_(3))))","\psi(\Omega_\omega\times\Omega+\Omega_\omega+\psi_1(\Omega_\omega\times\Omega+\psi_2(0)))","\psi(\Omega_{\omega}\Omega + \Omega_{\omega} + \psi_{1}(\Omega_{\omega}\Omega + \psi_{2}(0)))"
"ψ(Ω_(ω)×Ω+Ω_(ω)+ψ_(1)(Ω_(ω)×Ω+ψ_(2)(Ω_(ω))))","\psi(\Omega_\omega\times\Omega+\Omega_\omega+\psi_1(\Omega_\omega\times\Omega+\psi_2(\Omega_\omega)))","\psi(\Omega_{\omega}\Omega + \Omega_{\omega} + \psi_{1}(\Omega_{\omega}\Omega + \psi_{2}(\Omega_{\omega})))"
"ψ(Ω_(ω)×Ω+Ω_(ω)+ψ_(1)(Ω_(ω)×Ω+Ω_(ω)))","\psi(\Omega_\omega\times\Omega+\Omega_\omega+\psi_1(\Omega_\omega\times\Omega+\Omega_\omega))","\psi(\Omega_{\omega}\Omega + \Omega_{\omega} + \psi_{1}(\Omega_{\omega}\Omega + \Omega_{\omega}))"
"ψ(Ω_(ω)×Ω+Ω_(ω)+ψ_(1)(Ω_(ω)×Ω+Ω_(ω)+1))","\psi(\Omega_\omega\times\Omega+\Omega_\omega+\psi_1(\Omega_\omega\times\Omega+\Omega_\omega)\times\omega)","\psi(\Omega_{\omega}\Omega + \Omega_{\omega} + \psi_{1}(\Omega_{\omega}\Omega + \Omega_{\omega})\omega)"
"ψ(Ω_(ω)×Ω+Ω_(ω)+Ω_(2))","\psi(\Omega_\omega\times\Omega+\Omega_\omega+\psi_1(\Omega_\omega\times\Omega+\Omega_\omega+1))","\psi(\Omega_{\omega}\Omega + \Omega_{\omega} + \psi_{1}(\Omega_{\omega}\Omega + \Omega_{\omega} + 1))"
"ψ(Ω_(ω)×Ω+Ω_(ω)+Ω_(2)×ψ_(1)(Ω_(ω)))","\psi(\Omega_\omega\times\Omega+\Omega_\omega+\psi_1(\Omega_\omega\times\Omega+\Omega_\omega+\psi_1(\Omega_\omega)))","\psi(\Omega_{\omega}\Omega + \Omega_{\omega} + \psi_{1}(\Omega_{\omega}\Omega + \Omega_{\omega} + \psi_{1}(\Omega_{\omega})))"
"ψ(Ω_(ω)×Ω+Ω_(ω)+Ω_(2)^{2})","\psi(\Omega_\omega\times\Omega+\Omega_\omega+\Omega_2)","\psi(\Omega_{\omega}\Omega + \Omega_{\omega} + \Omega_{2})"
"ψ(Ω_(ω)×Ω+Ω_(ω)+Ω_(2)^{2}×2)","\psi(\Omega_\omega\times\Omega+\Omega_\omega+\Omega_2\times2)","\psi(\Omega_{\omega}\Omega + \Omega_{\omega} + \Omega_{2}2)"
"ψ(Ω_(ω)×Ω+Ω_(ω)+Ω_(2)^{3})","\psi(\Omega_\omega\times\Omega+\Omega_\omega+\Omega_2^2)","\psi(\Omega_{\omega}\Omega + \Omega_{\omega} + \Omega_{2}^{2})"
"ψ(Ω_(ω)×Ω+Ω_(ω)+ψ_(2)(Ω_(3)))","\psi(\Omega_\omega\times\Omega+\Omega_\omega+\psi_2(0))","\psi(\Omega_{\omega}\Omega + \Omega_{\omega} + \psi_{2}(0))"
"ψ(Ω_(ω)×Ω+Ω_(ω)+ψ_(2)(Ω_(ω)×Ω))","\psi(\Omega_\omega\times\Omega+\Omega_\omega+\psi_2(\Omega_\omega\times\Omega))","\psi(\Omega_{\omega}\Omega + \Omega_{\omega} + \psi_{2}(\Omega_{\omega}\Omega))"
"ψ(Ω_(ω)×Ω+Ω_(ω)+ψ_(2)(Ω_(ω)×Ω+Ω_(3)))","\psi(\Omega_\omega\times\Omega+\Omega_\omega+\psi_2(\Omega_\omega\times\Omega+1))","\psi(\Omega_{\omega}\Omega + \Omega_{\omega} + \psi_{2}(\Omega_{\omega}\Omega + 1))"
"ψ(Ω_(ω)×Ω+Ω_(ω)+ψ_(2)(Ω_(ω)×Ω+Ω_(3)×ψ_(1)(Ω_(ω))))","\psi(\Omega_\omega\times\Omega+\Omega_\omega+\psi_2(\Omega_\omega\times\Omega+\psi_1(\Omega_\omega)))","\psi(\Omega_{\omega}\Omega + \Omega_{\omega} + \psi_{2}(\Omega_{\omega}\Omega + \psi_{1}(\Omega_{\omega})))"
"ψ(Ω_(ω)×Ω+Ω_(ω)+ψ_(2)(Ω_(ω)×Ω+Ω_(3)×Ω_(2)))","\psi(\Omega_\omega\times\Omega+\Omega_\omega+\psi_2(\Omega_\omega\times\Omega+\Omega_2))","\psi(\Omega_{\omega}\Omega + \Omega_{\omega} + \psi_{2}(\Omega_{\omega}\Omega + \Omega_{2}))"
"ψ(Ω_(ω)×Ω+Ω_(ω)+ψ_(2)(Ω_(ω)×Ω+Ω_(3)×ψ_(2)(Ω_(3))))","\psi(\Omega_\omega\times\Omega+\Omega_\omega+\psi_2(\Omega_\omega\times\Omega+\psi_2(0)))","\psi(\Omega_{\omega}\Omega + \Omega_{\omega} + \psi_{2}(\Omega_{\omega}\Omega + \psi_{2}(0)))"
"ψ(Ω_(ω)×Ω+Ω_(ω)+ψ_(2)(Ω_(ω)×Ω+Ω_(3)×ψ_(2)(Ω_(ω))))","\psi(\Omega_\omega\times\Omega+\Omega_\omega+\psi_2(\Omega_\omega\times\Omega+\psi_2(\Omega_\omega)))","\psi(\Omega_{\omega}\Omega + \Omega_{\omega} + \psi_{2}(\Omega_{\omega}\Omega + \psi_{2}(\Omega_{\omega})))"
"ψ(Ω_(ω)×Ω+Ω_(ω)+ψ_(2)(Ω_(ω)×Ω+Ω_(3)^{2}))","\psi(\Omega_\omega\times\Omega+\Omega_\omega+\psi_2(\Omega_\omega\times\Omega+\Omega_3))","\psi(\Omega_{\omega}\Omega + \Omega_{\omega} + \psi_{2}(\Omega_{\omega}\Omega + \Omega_{3}))"
"ψ(Ω_(ω)×Ω+Ω_(ω)+ψ_(2)(Ω_(ω)×Ω+ψ_(3)(Ω_(4))))","\psi(\Omega_\omega\times\Omega+\Omega_\omega+\psi_2(\Omega_\omega\times\Omega+\psi_3(0)))","\psi(\Omega_{\omega}\Omega + \Omega_{\omega} + \psi_{2}(\Omega_{\omega}\Omega + \psi_{3}(0)))"
"ψ(Ω_(ω)×Ω+Ω_(ω)+ψ_(2)(Ω_(ω)×Ω+ψ_(3)(Ω_(ω))))","\psi(\Omega_\omega\times\Omega+\Omega_\omega+\psi_2(\Omega_\omega\times\Omega+\psi_3(\Omega_\omega)))","\psi(\Omega_{\omega}\Omega + \Omega_{\omega} + \psi_{2}(\Omega_{\omega}\Omega + \psi_{3}(\Omega_{\omega})))"
"ψ(Ω_(ω)×Ω+Ω_(ω)+ψ_(2)(Ω_(ω)×Ω+Ω_(ω)))","\psi(\Omega_\omega\times\Omega+\Omega_\omega+\psi_2(\Omega_\omega\times\Omega+\Omega_\omega))","\psi(\Omega_{\omega}\Omega + \Omega_{\omega} + \psi_{2}(\Omega_{\omega}\Omega + \Omega_{\omega}))"
"ψ(Ω_(ω)×Ω+Ω_(ω)+Ω_(3))","\psi(\Omega_\omega\times\Omega+\Omega_\omega+\psi_2(\Omega_\omega\times\Omega+\Omega_\omega+1))","\psi(\Omega_{\omega}\Omega + \Omega_{\omega} + \psi_{2}(\Omega_{\omega}\Omega + \Omega_{\omega} + 1))"
"ψ(Ω_(ω)×Ω+Ω_(ω)+Ω_(3)^{2})","\psi(\Omega_\omega\times\Omega+\Omega_\omega+\Omega_3)","\psi(\Omega_{\omega}\Omega + \Omega_{\omega} + \Omega_{3})"
"ψ(Ω_(ω)×Ω+Ω_(ω)×2)","\psi(\Omega_\omega\times\Omega+\Omega_\omega\times2)","\psi(\Omega_{\omega}\Omega + \Omega_{\omega}2)"
"ψ(Ω_(ω)×Ω+Ω_(ω)×3)","\psi(\Omega_\omega\times\Omega+\Omega_\omega\times3)","\psi(\Omega_{\omega}\Omega + \Omega_{\omega}3)"
"ψ(Ω_(ω)×Ω+Ω_(ω)×ω)","\psi(\Omega_\omega\times\Omega+\Omega_\omega\times\omega)","\psi(\Omega_{\omega}\Omega + \Omega_{\omega}\omega)"
"ψ(Ω_(ω)×Ω×2)","\psi(\Omega_\omega\times\Omega\times2)","\psi(\Omega_{\omega}\Omega2)"
"ψ(Ω_(ω)×Ω×2+ψ_(1)(Ω_(ω)))","\psi(\Omega_\omega\times\Omega\times2+\psi_1(\Omega_\omega))","\psi(\Omega_{\omega}\Omega2 + \psi_{1}(\Omega_{\omega}))"
"ψ(Ω_(ω)×Ω×2+ψ_(1)(Ω_(ω)×Ω×2))","\psi(\Omega_\omega\times\Omega\times2+\psi_1(\Omega_\omega\times\Omega\times2))","\psi(\Omega_{\omega}\Omega2 + \psi_{1}(\Omega_{\omega}\Omega2))"
"ψ(Ω_(ω)×Ω×2+Ω_(2))","\psi(\Omega_\omega\times\Omega\times2+\psi_1(\Omega_\omega\times\Omega\times2+1))","\psi(\Omega_{\omega}\Omega2 + \psi_{1}(\Omega_{\omega}\Omega2 + 1))"
"ψ(Ω_(ω)×Ω×2+Ω_(2)^{2})","\psi(\Omega_\omega\times\Omega\times2+\Omega_2)","\psi(\Omega_{\omega}\Omega2 + \Omega_{2})"
"ψ(Ω_(ω)×Ω×2+Ω_(ω))","\psi(\Omega_\omega\times\Omega\times2+\Omega_\omega)","\psi(\Omega_{\omega}\Omega2 + \Omega_{\omega})"
"ψ(Ω_(ω)×Ω×ω)","\psi(\Omega_\omega\times\Omega\times\omega)","\psi(\Omega_{\omega}\Omega\omega)"
"ψ(Ω_(ω)×Ω^{2})","\psi(\Omega_\omega\times\Omega^2)","\psi(\Omega_{\omega}\Omega^{2})"
"ψ(Ω_(ω)×Ω^{ω})","\psi(\Omega_\omega\times\Omega^\omega)","\psi(\Omega_{\omega}\Omega^{\omega})"
"ψ(Ω_(ω)×Ω^{Ω})","\psi(\Omega_\omega\times\Omega^\Omega)","\psi(\Omega_{\omega}\Omega^{\Omega})"
"ψ(Ω_(ω)×ψ_(1)(Ω_(2)))","\psi(\Omega_\omega\times\psi_1(0))","\psi(\Omega_{\omega}\psi_{1}(0))"
"ψ(Ω_(ω)×ψ_(1)(Ω_(2)×2))","\psi(\Omega_\omega\times\psi_1(1))","\psi(\Omega_{\omega}\psi_{1}(1))"
"ψ(Ω_(ω)×ψ_(1)(Ω_(2)×Ω))","\psi(\Omega_\omega\times\psi_1(\Omega))","\psi(\Omega_{\omega}\psi_{1}(\Omega))"
"ψ(Ω_(ω)×ψ_(1)(Ω_(2)×ψ_(1)(Ω_(2))))","\psi(\Omega_\omega\times\psi_1(\psi_1(0)))","\psi(\Omega_{\omega}\psi_{1}(\psi_{1}(0)))"
"ψ(Ω_(ω)×ψ_(1)(Ω_(2)^{2}))","\psi(\Omega_\omega\times\psi_1(\Omega_2))","\psi(\Omega_{\omega}\psi_{1}(\Omega_{2}))"
"ψ(Ω_(ω)×ψ_(1)(Ω_(3)))","\psi(\Omega_\omega\times\psi_1(\psi_2(0)))","\psi(\Omega_{\omega}\psi_{1}(\psi_{2}(0)))"
"ψ(Ω_(ω)×ψ_(1)(Ω_(ω)))","\psi(\Omega_\omega\times\psi_1(\Omega_\omega))","\psi(\Omega_{\omega}\psi_{1}(\Omega_{\omega}))"
"ψ(Ω_(ω)×ψ_(1)(Ω_(ω)×2))","\psi(\Omega_\omega\times\psi_1(\Omega_\omega\times2))","\psi(\Omega_{\omega}\psi_{1}(\Omega_{\omega}2))"
"ψ(Ω_(ω)×ψ_(1)(Ω_(ω)×Ω))","\psi(\Omega_\omega\times\psi_1(\Omega_\omega\times\Omega))","\psi(\Omega_{\omega}\psi_{1}(\Omega_{\omega}\Omega))"
"ψ(Ω_(ω)×ψ_(1)(Ω_(ω)×Ω+Ω_(2)×ψ_(1)(Ω_(ω))))","\psi(\Omega_\omega\times\psi_1(\Omega_\omega\times\Omega+\psi_1(\Omega_\omega)))","\psi(\Omega_{\omega}\psi_{1}(\Omega_{\omega}\Omega + \psi_{1}(\Omega_{\omega})))"
"ψ(Ω_(ω)×ψ_(1)(Ω_(ω)×Ω+Ω_(2)^{2}))","\psi(\Omega_\omega\times\psi_1(\Omega_\omega\times\Omega+\Omega_2))","\psi(\Omega_{\omega}\psi_{1}(\Omega_{\omega}\Omega + \Omega_{2}))"
"ψ(Ω_(ω)×ψ_(1)(Ω_(ω)×Ω+ψ_(2)(Ω_(ω))))","\psi(\Omega_\omega\times\psi_1(\Omega_\omega\times\Omega+\psi_2(\Omega_\omega)))","\psi(\Omega_{\omega}\psi_{1}(\Omega_{\omega}\Omega + \psi_{2}(\Omega_{\omega})))"
"ψ(Ω_(ω)×ψ_(1)(Ω_(ω)×Ω+Ω_(ω)))","\psi(\Omega_\omega\times\psi_1(\Omega_\omega\times\Omega+\Omega_\omega))","\psi(\Omega_{\omega}\psi_{1}(\Omega_{\omega}\Omega + \Omega_{\omega}))"
"ψ(Ω_(ω)×ψ_(1)(Ω_(ω)×Ω×2))","\psi(\Omega_\omega\times\psi_1(\Omega_\omega\times\Omega\times2))","\psi(\Omega_{\omega}\psi_{1}(\Omega_{\omega}\Omega2))"
"ψ(Ω_(ω)×ψ_(1)(Ω_(ω)×ψ_(1)(Ω_(2))))","\psi(\Omega_\omega\times\psi_1(\Omega_\omega\times\psi_1(0)))","\psi(\Omega_{\omega}\psi_{1}(\Omega_{\omega}\psi_{1}(0)))"
"ψ(Ω_(ω)×ψ_(1)(Ω_(ω)×ψ_(1)(Ω_(ω))))","\psi(\Omega_\omega\times\psi_1(\Omega_\omega\times\psi_1(\Omega_\omega)))","\psi(\Omega_{\omega}\psi_{1}(\Omega_{\omega}\psi_{1}(\Omega_{\omega})))"
"ψ(Ω_(ω)×Ω_(2))","\psi(\Omega_\omega\times\Omega_2)","\psi(\Omega_{\omega}\Omega_{2})"
"ψ(Ω_(ω)×Ω_(2)+ψ_(1)(Ω_(ω)))","\psi(\Omega_\omega\times\Omega_2+\psi_1(\Omega_\omega))","\psi(\Omega_{\omega}\Omega_{2} + \psi_{1}(\Omega_{\omega}))"
"ψ(Ω_(ω)×Ω_(2)+ψ_(1)(Ω_(ω)×Ω))","\psi(\Omega_\omega\times\Omega_2+\psi_1(\Omega_\omega\times\Omega))","\psi(\Omega_{\omega}\Omega_{2} + \psi_{1}(\Omega_{\omega}\Omega))"
"ψ(Ω_(ω)×Ω_(2)+ψ_(1)(Ω_(ω)×Ω+Ω_(ω)))","\psi(\Omega_\omega\times\Omega_2+\psi_1(\Omega_\omega\times\Omega+\Omega_\omega))","\psi(\Omega_{\omega}\Omega_{2} + \psi_{1}(\Omega_{\omega}\Omega + \Omega_{\omega}))"
"ψ(Ω_(ω)×Ω_(2)+ψ_(1)(Ω_(ω)×Ω×2))","\psi(\Omega_\omega\times\Omega_2+\psi_1(\Omega_\omega\times\Omega\times2))","\psi(\Omega_{\omega}\Omega_{2} + \psi_{1}(\Omega_{\omega}\Omega2))"
"ψ(Ω_(ω)×Ω_(2)+ψ_(1)(Ω_(ω)×ψ_(1)(Ω_(2))))","\psi(\Omega_\omega\times\Omega_2+\psi_1(\Omega_\omega\times\psi_1(0)))","\psi(\Omega_{\omega}\Omega_{2} + \psi_{1}(\Omega_{\omega}\psi_{1}(0)))"
"ψ(Ω_(ω)×Ω_(2)+ψ_(1)(Ω_(ω)×ψ_(1)(Ω_(ω))))","\psi(\Omega_\omega\times\Omega_2+\psi_1(\Omega_\omega\times\psi_1(\Omega_\omega)))","\psi(\Omega_{\omega}\Omega_{2} + \psi_{1}(\Omega_{\omega}\psi_{1}(\Omega_{\omega})))"
"ψ(Ω_(ω)×Ω_(2)+ψ_(1)(Ω_(ω)×Ω_(2)))","\psi(\Omega_\omega\times\Omega_2+\psi_1(\Omega_\omega\times\Omega_2))","\psi(\Omega_{\omega}\Omega_{2} + \psi_{1}(\Omega_{\omega}\Omega_{2}))"
"ψ(Ω_(ω)×Ω_(2)+ψ_(1)(Ω_(ω)×Ω_(2)+1))","\psi(\Omega_\omega\times\Omega_2+\psi_1(\Omega_\omega\times\Omega_2)\times\omega)","\psi(\Omega_{\omega}\Omega_{2} + \psi_{1}(\Omega_{\omega}\Omega_{2})\omega)"
"ψ(Ω_(ω)×Ω_(2)+ψ_(1)(Ω_(ω)×Ω_(2)+ψ_(1)(Ω_(ω)×Ω_(2))))","\psi(\Omega_\omega\times\Omega_2+\psi_1(\Omega_\omega\times\Omega_2)^2)","\psi(\Omega_{\omega}\Omega_{2} + \psi_{1}(\Omega_{\omega}\Omega_{2})^{2})"
"ψ(Ω_(ω)×Ω_(2)+Ω_(2))","\psi(\Omega_\omega\times\Omega_2+\psi_1(\Omega_\omega\times\Omega_2+1))","\psi(\Omega_{\omega}\Omega_{2} + \psi_{1}(\Omega_{\omega}\Omega_{2} + 1))"
"ψ(Ω_(ω)×Ω_(2)+Ω_(2)×ψ_(1)(Ω_(ω)))","\psi(\Omega_\omega\times\Omega_2+\psi_1(\Omega_\omega\times\Omega_2+\psi_1(\Omega_\omega)))","\psi(\Omega_{\omega}\Omega_{2} + \psi_{1}(\Omega_{\omega}\Omega_{2} + \psi_{1}(\Omega_{\omega})))"
"ψ(Ω_(ω)×Ω_(2)+Ω_(2)×ψ_(1)(Ω_(ω)×Ω_(2)))","\psi(\Omega_\omega\times\Omega_2+\psi_1(\Omega_\omega\times\Omega_2+\psi_1(\Omega_\omega\times\Omega_2)))","\psi(\Omega_{\omega}\Omega_{2} + \psi_{1}(\Omega_{\omega}\Omega_{2} + \psi_{1}(\Omega_{\omega}\Omega_{2})))"
"ψ(Ω_(ω)×Ω_(2)+Ω_(2)×ψ_(1)(Ω_(ω)×Ω_(2)+Ω_(2)))","\psi(\Omega_\omega\times\Omega_2+\psi_1(\Omega_\omega\times\Omega_2+\psi_1(\Omega_\omega\times\Omega_2+1)))","\psi(\Omega_{\omega}\Omega_{2} + \psi_{1}(\Omega_{\omega}\Omega_{2} + \psi_{1}(\Omega_{\omega}\Omega_{2} + 1)))"
"ψ(Ω_(ω)×Ω_(2)+Ω_(2)^{2})","\psi(\Omega_\omega\times\Omega_2+\Omega_2)","\psi(\Omega_{\omega}\Omega_{2} + \Omega_{2})"
"ψ(Ω_(ω)×Ω_(2)+ψ_(2)(Ω_(3)))","\psi(\Omega_\omega\times\Omega_2+\psi_2(0))","\psi(\Omega_{\omega}\Omega_{2} + \psi_{2}(0))"
"ψ(Ω_(ω)×Ω_(2)+ψ_(2)(Ω_(ω)))","\psi(\Omega_\omega\times\Omega_2+\psi_2(\Omega_\omega))","\psi(\Omega_{\omega}\Omega_{2} + \psi_{2}(\Omega_{\omega}))"
"ψ(Ω_(ω)×Ω_(2)+ψ_(2)(Ω_(ω)×Ω_(2)))","\psi(\Omega_\omega\times\Omega_2+\psi_2(\Omega_\omega\times\Omega_2))","\psi(\Omega_{\omega}\Omega_{2} + \psi_{2}(\Omega_{\omega}\Omega_{2}))"
"ψ(Ω_(ω)×Ω_(2)+Ω_(3)×ψ_(2)(Ω_(ω)×Ω_(2)+Ω_(3)))","\psi(\Omega_\omega\times\Omega_2+\psi_2(\Omega_\omega\times\Omega_2+\psi_2(\Omega_\omega\times\Omega_2+1)))","\psi(\Omega_{\omega}\Omega_{2} + \psi_{2}(\Omega_{\omega}\Omega_{2} + \psi_{2}(\Omega_{\omega}\Omega_{2} + 1)))"
"ψ(Ω_(ω)×Ω_(2)+Ω_(3)^{2})","\psi(\Omega_\omega\times\Omega_2+\Omega_3)","\psi(\Omega_{\omega}\Omega_{2} + \Omega_{3})"
"ψ(Ω_(ω)×Ω_(2)+ψ_(3)(Ω_(ω)))","\psi(\Omega_\omega\times\Omega_2+\psi_3(\Omega_\omega))","\psi(\Omega_{\omega}\Omega_{2} + \psi_{3}(\Omega_{\omega}))"
"ψ(Ω_(ω)×Ω_(2)+Ω_(4)^{2})","\psi(\Omega_\omega\times\Omega_2+\Omega_4)","\psi(\Omega_{\omega}\Omega_{2} + \Omega_{4})"
"ψ(Ω_(ω)×Ω_(2)+Ω_(ω))","\psi(\Omega_\omega\times\Omega_2+\Omega_\omega)","\psi(\Omega_{\omega}\Omega_{2} + \Omega_{\omega})"
"ψ(Ω_(ω)×Ω_(2)+Ω_(ω)×2)","\psi(\Omega_\omega\times\Omega_2+\Omega_\omega\times2)","\psi(\Omega_{\omega}\Omega_{2} + \Omega_{\omega}2)"
"ψ(Ω_(ω)×Ω_(2)+Ω_(ω)×ω)","\psi(\Omega_\omega\times\Omega_2+\Omega_\omega\times\omega)","\psi(\Omega_{\omega}\Omega_{2} + \Omega_{\omega}\omega)"
"ψ(Ω_(ω)×Ω_(2)+Ω_(ω)×Ω)","\psi(\Omega_\omega\times\Omega_2+\Omega_\omega\times\Omega)","\psi(\Omega_{\omega}\Omega_{2} + \Omega_{\omega}\Omega)"
"ψ(Ω_(ω)×Ω_(2)×2)","\psi(\Omega_\omega\times\Omega_2\times2)","\psi(\Omega_{\omega}\Omega_{2}2)"
"ψ(Ω_(ω)×Ω_(2)×ω)","\psi(\Omega_\omega\times\Omega_2\times\omega)","\psi(\Omega_{\omega}\Omega_{2}\omega)"
"ψ(Ω_(ω)×Ω_(2)^{2})","\psi(\Omega_\omega\times\Omega_2^2)","\psi(\Omega_{\omega}\Omega_{2}^{2})"
"ψ(Ω_(ω)×Ω_(2)^{Ω_(2)})","\psi(\Omega_\omega\times\Omega_2^{\Omega_2})","\psi(\Omega_{\omega}\Omega_{2}^{\Omega_{2}})"
"ψ(Ω_(ω)×ψ_(2)(Ω_(3)))","\psi(\Omega_\omega\times\psi_2(0))","\psi(\Omega_{\omega}\psi_{2}(0))"
"ψ(Ω_(ω)×ψ_(2)(Ω_(3)×2))","\psi(\Omega_\omega\times\psi_2(1))","\psi(\Omega_{\omega}\psi_{2}(1))"
"ψ(Ω_(ω)×ψ_(2)(Ω_(ω)))","\psi(\Omega_\omega\times\psi_2(\Omega_\omega))","\psi(\Omega_{\omega}\psi_{2}(\Omega_{\omega}))"
"ψ(Ω_(ω)×ψ_(2)(Ω_(ω)×Ω))","\psi(\Omega_\omega\times\psi_2(\Omega_\omega\times\Omega))","\psi(\Omega_{\omega}\psi_{2}(\Omega_{\omega}\Omega))"
"ψ(Ω_(ω)×ψ_(2)(Ω_(ω)×Ω_(2)))","\psi(\Omega_\omega\times\psi_2(\Omega_\omega\times\Omega_2))","\psi(\Omega_{\omega}\psi_{2}(\Omega_{\omega}\Omega_{2}))"
"ψ(Ω_(ω)×Ω_(3))","\psi(\Omega_\omega\times\Omega_3)","\psi(\Omega_{\omega}\Omega_{3})"
"ψ(Ω_(ω)×Ω_(4))","\psi(\Omega_\omega\times\Omega_4)","\psi(\Omega_{\omega}\Omega_{4})"
"ψ(Ω_(ω)^{2}+Ω)","\psi(\Omega^2_\omega+1)","\psi(\Omega_{\omega}^{2} + 1)"
"ψ(Ω_(ω)^{2}+Ω^{2})","\psi(\Omega^2_\omega+\Omega)","\psi(\Omega_{\omega}^{2} + \Omega)"
"ψ(Ω_(ω)^{2}+ψ_(1)(Ω_(2)))","\psi(\Omega^2_\omega+\psi_1(0))","\psi(\Omega_{\omega}^{2} + \psi_{1}(0))"
"ψ(Ω_(ω)^{2}+ψ_(1)(Ω_(ω)))","\psi(\Omega^2_\omega+\psi_1(\Omega_\omega))","\psi(\Omega_{\omega}^{2} + \psi_{1}(\Omega_{\omega}))"
"ψ(Ω_(ω)^{2}+ψ_(1)(Ω_(ω)×Ω))","\psi(\Omega^2_\omega+\psi_1(\Omega_\omega\times\Omega))","\psi(\Omega_{\omega}^{2} + \psi_{1}(\Omega_{\omega}\Omega))"
"ψ(Ω_(ω)^{2}+ψ_(1)(Ω_(ω)×Ω+Ω_(2)))","\psi(\Omega^2_\omega+\psi_1(\Omega_\omega\times\Omega+1))","\psi(\Omega_{\omega}^{2} + \psi_{1}(\Omega_{\omega}\Omega + 1))"
"ψ(Ω_(ω)^{2}+ψ_(1)(Ω_(ω)×Ω+Ω_(2)^{2}))","\psi(\Omega^2_\omega+\psi_1(\Omega_\omega\times\Omega+\Omega_2))","\psi(\Omega_{\omega}^{2} + \psi_{1}(\Omega_{\omega}\Omega + \Omega_{2}))"
"ψ(Ω_(ω)^{2}+ψ_(1)(Ω_(ω)×Ω+ψ_(2)(Ω_(ω))))","\psi(\Omega^2_\omega+\psi_1(\Omega_\omega\times\Omega+\psi_2(\Omega_\omega)))","\psi(\Omega_{\omega}^{2} + \psi_{1}(\Omega_{\omega}\Omega + \psi_{2}(\Omega_{\omega})))"
"ψ(Ω_(ω)^{2}+ψ_(1)(Ω_(ω)×Ω+ψ_(2)(Ω_(ω)×Ω)))","\psi(\Omega^2_\omega+\psi_1(\Omega_\omega\times\Omega+\psi_2(\Omega_\omega\times\Omega)))","\psi(\Omega_{\omega}^{2} + \psi_{1}(\Omega_{\omega}\Omega + \psi_{2}(\Omega_{\omega}\Omega)))"
"ψ(Ω_(ω)^{2}+ψ_(1)(Ω_(ω)×Ω+Ω_(3)^{2}))","\psi(\Omega^2_\omega+\psi_1(\Omega_\omega\times\Omega+\Omega_3))","\psi(\Omega_{\omega}^{2} + \psi_{1}(\Omega_{\omega}\Omega + \Omega_{3}))"
"ψ(Ω_(ω)^{2}+ψ_(1)(Ω_(ω)×Ω+Ω_(ω)))","\psi(\Omega^2_\omega+\psi_1(\Omega_\omega\times\Omega+\Omega_\omega))","\psi(\Omega_{\omega}^{2} + \psi_{1}(\Omega_{\omega}\Omega + \Omega_{\omega}))"
"ψ(Ω_(ω)^{2}+ψ_(1)(Ω_(ω)×Ω×2))","\psi(\Omega^2_\omega+\psi_1(\Omega_\omega\times\Omega\times2))","\psi(\Omega_{\omega}^{2} + \psi_{1}(\Omega_{\omega}\Omega2))"
"ψ(Ω_(ω)^{2}+ψ_(1)(Ω_(ω)×Ω^{2}))","\psi(\Omega^2_\omega+\psi_1(\Omega_\omega\times\Omega^2))","\psi(\Omega_{\omega}^{2} + \psi_{1}(\Omega_{\omega}\Omega^{2}))"
"ψ(Ω_(ω)^{2}+ψ_(1)(Ω_(ω)×ψ_(1)(Ω_(ω))))","\psi(\Omega^2_\omega+\psi_1(\Omega_\omega\times\psi_1(\Omega_\omega)))","\psi(\Omega_{\omega}^{2} + \psi_{1}(\Omega_{\omega}\psi_{1}(\Omega_{\omega})))"
"ψ(Ω_(ω)^{2}+ψ_(1)(Ω_(ω)×ψ_(1)(Ω_(ω)×ψ_(1)(Ω_(ω)))))","\psi(\Omega^2_\omega+\psi_1(\Omega_\omega\times\psi_1(\Omega_\omega\times\psi_1(\Omega_\omega))))","\psi(\Omega_{\omega}^{2} + \psi_{1}(\Omega_{\omega}\psi_{1}(\Omega_{\omega}\psi_{1}(\Omega_{\omega}))))"
"ψ(Ω_(ω)^{2}+ψ_(1)(Ω_(ω)×Ω_(2)))","\psi(\Omega^2_\omega+\psi_1(\Omega_\omega\times\Omega_2))","\psi(\Omega_{\omega}^{2} + \psi_{1}(\Omega_{\omega}\Omega_{2}))"
"ψ(Ω_(ω)^{2}+ψ_(1)(Ω_(ω)×Ω_(2)+Ω_(2)^{2}))","\psi(\Omega^2_\omega+\psi_1(\Omega_\omega\times\Omega_2+\Omega_2))","\psi(\Omega_{\omega}^{2} + \psi_{1}(\Omega_{\omega}\Omega_{2} + \Omega_{2}))"
"ψ(Ω_(ω)^{2}+ψ_(1)(Ω_(ω)×Ω_(2)+ψ_(2)(Ω_(ω)×Ω_(2))))","\psi(\Omega^2_\omega+\psi_1(\Omega_\omega\times\Omega_2+\psi_2(\Omega_\omega\times\Omega_2)))","\psi(\Omega_{\omega}^{2} + \psi_{1}(\Omega_{\omega}\Omega_{2} + \psi_{2}(\Omega_{\omega}\Omega_{2})))"
"ψ(Ω_(ω)^{2}+ψ_(1)(Ω_(ω)×Ω_(2)+Ω_(3)×ψ_(2)(Ω_(ω)×Ω_(2))))","\psi(\Omega^2_\omega+\psi_1(\Omega_\omega\times\Omega_2+\psi_2(\Omega_\omega\times\Omega_2+\psi_2(\Omega_\omega\times\Omega_2))))","\psi(\Omega_{\omega}^{2} + \psi_{1}(\Omega_{\omega}\Omega_{2} + \psi_{2}(\Omega_{\omega}\Omega_{2} + \psi_{2}(\Omega_{\omega}\Omega_{2}))))"
"ψ(Ω_(ω)^{2}+ψ_(1)(Ω_(ω)×Ω_(2)+Ω_(3)^{2}))","\psi(\Omega^2_\omega+\psi_1(\Omega_\omega\times\Omega_2+\Omega_3))","\psi(\Omega_{\omega}^{2} + \psi_{1}(\Omega_{\omega}\Omega_{2} + \Omega_{3}))"
"ψ(Ω_(ω)^{2}+ψ_(1)(Ω_(ω)×Ω_(2)+Ω_(ω)))","\psi(\Omega^2_\omega+\psi_1(\Omega_\omega\times\Omega_2+\Omega_\omega))","\psi(\Omega_{\omega}^{2} + \psi_{1}(\Omega_{\omega}\Omega_{2} + \Omega_{\omega}))"
"ψ(Ω_(ω)^{2}+ψ_(1)(Ω_(ω)×Ω_(2)+Ω_(ω)×2))","\psi(\Omega^2_\omega+\psi_1(\Omega_\omega\times\Omega_2+\Omega_\omega\times2))","\psi(\Omega_{\omega}^{2} + \psi_{1}(\Omega_{\omega}\Omega_{2} + \Omega_{\omega}2))"
"ψ(Ω_(ω)^{2}+ψ_(1)(Ω_(ω)×Ω_(2)×2))","\psi(\Omega^2_\omega+\psi_1(\Omega_\omega\times\Omega_2\times2))","\psi(\Omega_{\omega}^{2} + \psi_{1}(\Omega_{\omega}\Omega_{2}2))"
"ψ(Ω_(ω)^{2}+ψ_(1)(Ω_(ω)×Ω_(2)^{2}))","\psi(\Omega^2_\omega+\psi_1(\Omega_\omega\times\Omega_2^2))","\psi(\Omega_{\omega}^{2} + \psi_{1}(\Omega_{\omega}\Omega_{2}^{2}))"
"ψ(Ω_(ω)^{2}+ψ_(1)(Ω_(ω)×ψ_(2)(Ω_(3))))","\psi(\Omega^2_\omega+\psi_1(\Omega_\omega\times\psi_2(0)))","\psi(\Omega_{\omega}^{2} + \psi_{1}(\Omega_{\omega}\psi_{2}(0)))"
"ψ(Ω_(ω)^{2}+ψ_(1)(Ω_(ω)×ψ_(2)(Ω_(ω))))","\psi(\Omega^2_\omega+\psi_1(\Omega_\omega\times\psi_2(\Omega_\omega)))","\psi(\Omega_{\omega}^{2} + \psi_{1}(\Omega_{\omega}\psi_{2}(\Omega_{\omega})))"
"ψ(Ω_(ω)^{2}+ψ_(1)(Ω_(ω)×Ω_(3)))","\psi(\Omega^2_\omega+\psi_1(\Omega_\omega\times\Omega_3))","\psi(\Omega_{\omega}^{2} + \psi_{1}(\Omega_{\omega}\Omega_{3}))"
"ψ(Ω_(ω)^{2}+ψ_(1)(Ω_(ω)^{2}))","\psi(\Omega^2_\omega+\psi_1(\Omega_\omega^2))","\psi(\Omega_{\omega}^{2} + \psi_{1}(\Omega_{\omega}^{2}))"
"ψ(Ω_(ω)^{2}+Ω_(2)×ψ_(1)(Ω_(ω)^{2}))","\psi(\Omega^2_\omega+\psi_1(\Omega_\omega^2+\psi_1(\Omega^2_\omega)))","\psi(\Omega_{\omega}^{2} + \psi_{1}(\Omega_{\omega}^{2} + \psi_{1}(\Omega_{\omega}^{2})))"
"ψ(Ω_(ω)^{2}+Ω_(2)^{2})","\psi(\Omega^2_\omega+\Omega_2)","\psi(\Omega_{\omega}^{2} + \Omega_{2})"
"ψ(Ω_(ω)^{2}+ψ_(2)(Ω_(ω)))","\psi(\Omega^2_\omega+\psi_2(\Omega_\omega))","\psi(\Omega_{\omega}^{2} + \psi_{2}(\Omega_{\omega}))"
"ψ(Ω_(ω)^{2}+Ω_(ω))","\psi(\Omega^2_\omega+\Omega_\omega)","\psi(\Omega_{\omega}^{2} + \Omega_{\omega})"
"ψ(Ω_(ω)^{2}+Ω_(ω)×2)","\psi(\Omega^2_\omega+\Omega_\omega\times2)","\psi(\Omega_{\omega}^{2} + \Omega_{\omega}2)"
"ψ(Ω_(ω)^{2}+Ω_(ω)×ω)","\psi(\Omega^2_\omega+\Omega_\omega\times\omega)","\psi(\Omega_{\omega}^{2} + \Omega_{\omega}\omega)"
"ψ(Ω_(ω)^{2}+Ω_(ω)×Ω)","\psi(\Omega^2_\omega+\Omega_\omega\times\Omega)","\psi(\Omega_{\omega}^{2} + \Omega_{\omega}\Omega)"
"ψ(Ω_(ω)^{2}+Ω_(ω)×Ω+ψ_(1)(Ω_(ω)^{2}+Ω_(ω)×Ω))","\psi(\Omega^2_\omega+\Omega_\omega\times\Omega+\psi_1(\Omega_\omega^2+\Omega_\omega\times\Omega))","\psi(\Omega_{\omega}^{2} + \Omega_{\omega}\Omega + \psi_{1}(\Omega_{\omega}^{2} + \Omega_{\omega}\Omega))"
"ψ(Ω_(ω)^{2}+Ω_(ω)×Ω+Ω_(ω))","\psi(\Omega^2_\omega+\Omega_\omega\times\Omega+\Omega_\omega)","\psi(\Omega_{\omega}^{2} + \Omega_{\omega}\Omega + \Omega_{\omega})"
"ψ(Ω_(ω)^{2}+Ω_(ω)×Ω_(2))","\psi(\Omega^2_\omega+\Omega_\omega\times\Omega_2)","\psi(\Omega_{\omega}^{2} + \Omega_{\omega}\Omega_{2})"
"ψ(Ω_(ω)^{2}+Ω_(ω)×Ω_(3))","\psi(\Omega^2_\omega+\Omega_\omega\times\Omega_3)","\psi(\Omega_{\omega}^{2} + \Omega_{\omega}\Omega_{3})"
"ψ(Ω_(ω)^{2}×2)","\psi(\Omega^2_\omega\times2)","\psi(\Omega_{\omega}^{2}2)"
"ψ(Ω_(ω)^{2}×ω)","\psi(\Omega^2_\omega\times\omega)","\psi(\Omega_{\omega}^{2}\omega)"
"ψ(Ω_(ω)^{2}×Ω)","\psi(\Omega^2_\omega\times\Omega)","\psi(\Omega_{\omega}^{2}\Omega)"
"ψ(Ω_(ω)^{3})","\psi(\Omega^3_\omega)","\psi(\Omega_{\omega}^{3})"
"ψ(Ω_(ω)^{3}×2)","\psi(\Omega^3_\omega\times2)","\psi(\Omega_{\omega}^{3}2)"
"ψ(Ω_(ω)^{4})","\psi(\Omega_\omega^4)","\psi(\Omega_{\omega}^{4})"
"ψ(Ω_(ω)^{ω})","\psi(\Omega_\omega^\omega)","\psi(\Omega_{\omega}^{\omega})"
"ψ(Ω_(ω)^{Ω})","\psi(\Omega_\omega^\Omega)","\psi(\Omega_{\omega}^{\Omega})"
"ψ(Ω_(ω)^{Ω}+ψ_(1)(Ω_(ω)×Ω))","\psi(\Omega_\omega^{\Omega}+\psi_1(\Omega_\omega\times\Omega))","\psi(\Omega_{\omega}^{\Omega} + \psi_{1}(\Omega_{\omega}\Omega))"
"ψ(Ω_(ω)^{Ω}+ψ_(1)(Ω_(ω)^{2}))","\psi(\Omega_\omega^{\Omega}+\psi_1(\Omega_\omega^2))","\psi(\Omega_{\omega}^{\Omega} + \psi_{1}(\Omega_{\omega}^{2}))"
"ψ(Ω_(ω)^{Ω}+ψ_(1)(Ω_(ω)^{3}))","\psi(\Omega_\omega^{\Omega}+\psi_1(\Omega_\omega^3))","\psi(\Omega_{\omega}^{\Omega} + \psi_{1}(\Omega_{\omega}^{3}))"
"ψ(Ω_(ω)^{Ω}+ψ_(1)(Ω_(ω)^{ω}))","\psi(\Omega_\omega^{\Omega}+\psi_1(\Omega_\omega^\omega))","\psi(\Omega_{\omega}^{\Omega} + \psi_{1}(\Omega_{\omega}^{\omega}))"
"ψ(Ω_(ω)^{Ω}+ψ_(1)(Ω_(ω)^{Ω}))","\psi(\Omega_\omega^{\Omega}+\psi_1(\Omega_\omega^\Omega))","\psi(\Omega_{\omega}^{\Omega} + \psi_{1}(\Omega_{\omega}^{\Omega}))"
"ψ(Ω_(ω)^{Ω}+Ω_(2)^{2})","\psi(\Omega_\omega^{\Omega}+\Omega_2)","\psi(\Omega_{\omega}^{\Omega} + \Omega_{2})"
"ψ(Ω_(ω)^{Ω}+Ω_(ω))","\psi(\Omega_\omega^{\Omega}+\Omega_\omega)","\psi(\Omega_{\omega}^{\Omega} + \Omega_{\omega})"
"ψ(Ω_(ω)^{Ω}+Ω_(ω)×2)","\psi(\Omega_\omega^{\Omega}+\Omega_\omega\times2)","\psi(\Omega_{\omega}^{\Omega} + \Omega_{\omega}2)"
"ψ(Ω_(ω)^{Ω}+Ω_(ω)×Ω)","\psi(\Omega_\omega^{\Omega}+\Omega_\omega\times\Omega)","\psi(\Omega_{\omega}^{\Omega} + \Omega_{\omega}\Omega)"
"ψ(Ω_(ω)^{Ω}+Ω_(ω)^{2})","\psi(\Omega_\omega^{\Omega}+\Omega_\omega^2)","\psi(\Omega_{\omega}^{\Omega} + \Omega_{\omega}^{2})"
"ψ(Ω_(ω)^{Ω}+Ω_(ω)^{ω})","\psi(\Omega_\omega^{\Omega}+\Omega_\omega^\omega)","\psi(\Omega_{\omega}^{\Omega} + \Omega_{\omega}^{\omega})"
"ψ(Ω_(ω)^{Ω}×2)","\psi(\Omega_\omega^{\Omega}\times2)","\psi(\Omega_{\omega}^{\Omega}2)"
"ψ(Ω_(ω)^{Ω}×ω)","\psi(\Omega_\omega^{\Omega}\times\omega)","\psi(\Omega_{\omega}^{\Omega}\omega)"
"ψ(Ω_(ω)^{Ω}×Ω)","\psi(\Omega_\omega^{\Omega}\times\Omega)","\psi(\Omega_{\omega}^{\Omega}\Omega)"
"ψ(Ω_(ω)^{Ω+1})","\psi(\Omega_\omega^{\Omega+1})","\psi(\Omega_{\omega}^{\Omega + 1})"
"ψ(Ω_(ω)^{Ω×2})","\psi(\Omega_\omega^{\Omega\times2})","\psi(\Omega_{\omega}^{\Omega2})"
"ψ(Ω_(ω)^{Ω^{2}})","\psi(\Omega_\omega^{\Omega^2})","\psi(\Omega_{\omega}^{\Omega^{2}})"
"ψ(Ω_(ω)^{Ω^{Ω}})","\psi(\Omega_\omega^{\Omega^\Omega})","\psi(\Omega_{\omega}^{\Omega^{\Omega}})"
"ψ(Ω_(ω)^{ψ_(1)(Ω_(2))})","\psi(\Omega_\omega^{\psi_1(0)})","\psi(\Omega_{\omega}^{\psi_{1}(0)})"
"ψ(Ω_(ω)^{ψ_(1)(Ω_(ω))})","\psi(\Omega_\omega^{\psi_1(\Omega_\omega)})","\psi(\Omega_{\omega}^{\psi_{1}(\Omega_{\omega})})"
"ψ(Ω_(ω)^{ψ_(1)(Ω_(ω)^{2})})","\psi(\Omega_\omega^{\psi_1(\Omega_\omega^2)})","\psi(\Omega_{\omega}^{\psi_{1}(\Omega_{\omega}^{2})})"
"ψ(Ω_(ω)^{ψ_(1)(Ω_(ω)^{ψ_(1)(Ω_(ω))})})","\psi(\Omega_\omega^{\psi_1(\Omega_\omega^{\psi_1(\Omega_\omega)})})","\psi(\Omega_{\omega}^{\psi_{1}(\Omega_{\omega}^{\psi_{1}(\Omega_{\omega})})})"
"ψ(Ω_(ω)^{Ω_(2)})","\psi(\Omega_\omega^{\Omega_2})","\psi(\Omega_{\omega}^{\Omega_{2}})"
"ψ(Ω_(ω)^{Ω_(3)})","\psi(\Omega_\omega^{\Omega_3})","\psi(\Omega_{\omega}^{\Omega_{3}})"
"ψ(Ω_(ω)^{Ω_(ω)})","\psi(\Omega_\omega^{\Omega_\omega})","\psi(\Omega_{\omega}^{\Omega_{\omega}})"
"ψ(Ω_(ω)^{Ω_(ω)}+Ω_(ω)^{2})","\psi(\Omega_\omega^{\Omega_\omega}+\Omega_\omega^2)","\psi(\Omega_{\omega}^{\Omega_{\omega}} + \Omega_{\omega}^{2})"
"ψ(Ω_(ω)^{Ω_(ω)}×2)","\psi(\Omega_\omega^{\Omega_\omega}\times2)","\psi(\Omega_{\omega}^{\Omega_{\omega}}2)"
"ψ(Ω_(ω)^{Ω_(ω)}×Ω)","\psi(\Omega_\omega^{\Omega_\omega}\times\Omega)","\psi(\Omega_{\omega}^{\Omega_{\omega}}\Omega)"
"ψ(Ω_(ω)^{Ω_(ω)+1})","\psi(\Omega_\omega^{\Omega_\omega+1})","\psi(\Omega_{\omega}^{\Omega_{\omega} + 1})"
"ψ(Ω_(ω)^{Ω_(ω)+Ω})","\psi(\Omega_\omega^{\Omega_\omega+\Omega})","\psi(\Omega_{\omega}^{\Omega_{\omega} + \Omega})"
"ψ(Ω_(ω)^{Ω_(ω)×2})","\psi(\Omega_\omega^{\Omega_\omega\times2})","\psi(\Omega_{\omega}^{\Omega_{\omega}2})"
"ψ(Ω_(ω)^{Ω_(ω)×Ω})","\psi(\Omega_\omega^{\Omega_\omega\times\Omega})","\psi(\Omega_{\omega}^{\Omega_{\omega}\Omega})"
"ψ(Ω_(ω)^{Ω_(ω)^{2}})","\psi(\Omega_\omega^{\Omega_\omega^2})","\psi(\Omega_{\omega}^{\Omega_{\omega}^{2}})"
"ψ(Ω_(ω)^{Ω_(ω)^{Ω}})","\psi(\Omega_\omega^{\Omega_\omega^\Omega})","\psi(\Omega_{\omega}^{\Omega_{\omega}^{\Omega}})"
"ψ(Ω_(ω)^{Ω_(ω)^{Ω_(ω)}})","\psi(\Omega_\omega^{\Omega_\omega^{\Omega_\omega}})","\psi(\Omega_{\omega}^{\Omega_{\omega}^{\Omega_{\omega}}})"
"ψ(Ω_(ω+1))","\psi(\psi_\omega(0))","\psi(\psi_{\omega}(0))"
"ψ(Ω_(ω+1)+Ω_(ω))","\psi(\psi_\omega(0)+\Omega_\omega)","\psi(\psi_{\omega}(0) + \Omega_{\omega})"
"ψ(Ω_(ω+1)+Ω_(ω)×Ω)","\psi(\psi_\omega(0)+\Omega_\omega\times\Omega)","\psi(\psi_{\omega}(0) + \Omega_{\omega}\Omega)"
"ψ(Ω_(ω+1)+Ω_(ω)^{2})","\psi(\psi_\omega(0)+\Omega_\omega^2)","\psi(\psi_{\omega}(0) + \Omega_{\omega}^{2})"
"ψ(Ω_(ω+1)+Ω_(ω)^{Ω})","\psi(\psi_\omega(0)+\Omega_\omega^\Omega)","\psi(\psi_{\omega}(0) + \Omega_{\omega}^{\Omega})"
"ψ(Ω_(ω+1)+Ω_(ω)^{Ω_(ω)})","\psi(\psi_\omega(0)+\Omega_\omega^{\Omega_\omega})","\psi(\psi_{\omega}(0) + \Omega_{\omega}^{\Omega_{\omega}})"
"ψ(Ω_(ω+1)+ψ_(ω)(Ω_(ω+1)))","\psi(\psi_\omega(0)\times2)","\psi(\psi_{\omega}(0)2)"
"ψ(Ω_(ω+1)+ψ_(ω)(Ω_(ω+1)+1))","\psi(\psi_\omega(0)\times\omega)","\psi(\psi_{\omega}(0)\omega)"
"ψ(Ω_(ω+1)+ψ_(ω)(Ω_(ω+1)+Ω))","\psi(\psi_\omega(0)\times\Omega)","\psi(\psi_{\omega}(0)\Omega)"
"ψ(Ω_(ω+1)+ψ_(ω)(Ω_(ω+1)+Ω_(ω)))","\psi(\psi_\omega(0)\times\Omega_\omega)","\psi(\psi_{\omega}(0)\Omega_{\omega})"
"ψ(Ω_(ω+1)+ψ_(ω)(Ω_(ω+1)+ψ_(ω)(Ω_(ω+1))))","\psi(\psi_\omega(0)^2)","\psi(\psi_{\omega}(0)^{2})"
"ψ(Ω_(ω+1)+ψ_(ω)(Ω_(ω+1)+ψ_(ω)(Ω_(ω+1)+1)))","\psi(\psi_\omega(0)^\omega)","\psi(\psi_{\omega}(0)^{\omega})"
"ψ(Ω_(ω+1)+ψ_(ω)(Ω_(ω+1)+ψ_(ω)(Ω_(ω+1)+Ω)))","\psi(\psi_\omega(0)^\Omega)","\psi(\psi_{\omega}(0)^{\Omega})"
"ψ(Ω_(ω+1)+ψ_(ω)(Ω_(ω+1)+ψ_(ω)(Ω_(ω+1)+Ω_(ω))))","\psi(\psi_\omega(0)^{\Omega_\omega})","\psi(\psi_{\omega}(0)^{\Omega_{\omega}})"
"ψ(Ω_(ω+1)+ψ_(ω)(Ω_(ω+1)+ψ_(ω)(Ω_(ω+1)+ψ_(ω)(Ω_(ω+1)))))","\psi(\psi_\omega(0)^{\psi_\omega(0)})","\psi(\psi_{\omega}(0)^{\psi_{\omega}(0)})"
"ψ(Ω_(ω+1)+ψ_(ω)(Ω_(ω+1)+ψ_(ω)(Ω_(ω+1)+ψ_(ω)(Ω_(ω+1)+ψ_(ω)(Ω_(ω+1))))))","\psi(\psi_\omega(0)^{\psi_\omega(0)^{\psi_\omega(0)}})","\psi(\psi_{\omega}(0)^{\psi_{\omega}(0)^{\psi_{\omega}(0)}})"
"ψ(Ω_(ω+1)×2)","\psi(\psi_\omega(1))","\psi(\psi_{\omega}(1))"
"ψ(Ω_(ω+1)×ω)","\psi(\psi_\omega(\omega))","\psi(\psi_{\omega}(\omega))"
"ψ(Ω_(ω+1)×ψ(Ω_(ω+1)))","\psi(\psi_\omega(\psi(\psi_\omega(0))))","\psi(\psi_{\omega}(\psi(\psi_{\omega}(0))))"
"ψ(Ω_(ω+1)×Ω)","\psi(\psi_\omega(\Omega))","\psi(\psi_{\omega}(\Omega))"
"ψ(Ω_(ω+1)×Ω+Ω)","\psi(\psi_\omega(\Omega)+1)","\psi(\psi_{\omega}(\Omega) + 1)"
"ψ(Ω_(ω+1)×Ω+ψ_(1)(Ω_(ω+1)))","\psi(\psi_\omega(\Omega)+\psi_1(\psi_\omega(0)))","\psi(\psi_{\omega}(\Omega) + \psi_{1}(\psi_{\omega}(0)))"
"ψ(Ω_(ω+1)×Ω+ψ_(1)(Ω_(ω+1)×Ω))","\psi(\psi_\omega(\Omega)+\psi_1(\psi_\omega(\Omega)))","\psi(\psi_{\omega}(\Omega) + \psi_{1}(\psi_{\omega}(\Omega)))"
"ψ(Ω_(ω+1)×Ω+Ω_(2)^{2})","\psi(\psi_\omega(\Omega)+\Omega_2)","\psi(\psi_{\omega}(\Omega) + \Omega_{2})"
"ψ(Ω_(ω+1)×Ω+Ω_(ω))","\psi(\psi_\omega(\Omega)+\Omega_\omega)","\psi(\psi_{\omega}(\Omega) + \Omega_{\omega})"
"ψ(Ω_(ω+1)×Ω+Ω_(ω)×Ω)","\psi(\psi_\omega(\Omega)+\Omega_\omega\times\Omega)","\psi(\psi_{\omega}(\Omega) + \Omega_{\omega}\Omega)"
"ψ(Ω_(ω+1)×Ω+Ω_(ω)^{2})","\psi(\psi_\omega(\Omega)+\Omega_\omega^2)","\psi(\psi_{\omega}(\Omega) + \Omega_{\omega}^{2})"
"ψ(Ω_(ω+1)×Ω+ψ_(ω)(Ω_(ω+1)))","\psi(\psi_\omega(\Omega)+\psi_\omega(0))","\psi(\psi_{\omega}(\Omega) + \psi_{\omega}(0))"
"ψ(Ω_(ω+1)×Ω+ψ_(ω)(Ω_(ω+1)×2))","\psi(\psi_\omega(\Omega)+\psi_\omega(1))","\psi(\psi_{\omega}(\Omega) + \psi_{\omega}(1))"
"ψ(Ω_(ω+1)×Ω+ψ_(ω)(Ω_(ω+1)×Ω))","\psi(\psi_\omega(\Omega)\times2)","\psi(\psi_{\omega}(\Omega)2)"
"ψ(Ω_(ω+1)×Ω+ψ_(ω)(Ω_(ω+1)×Ω)+ψ_(1)(Ω_(ω+1)×Ω+ψ_(ω)(Ω_(ω+1)×Ω)))","\psi(\psi_\omega(\Omega)\times2+\psi_1(\psi_\omega(\Omega)\times2))","\psi(\psi_{\omega}(\Omega)2 + \psi_{1}(\psi_{\omega}(\Omega))\psi_{\omega}(\Omega))"
"ψ(Ω_(ω+1)×Ω+ψ_(ω)(Ω_(ω+1)×Ω)+Ω_(ω))","\psi(\psi_\omega(\Omega)\times2+\Omega_\omega)","\psi(\psi_{\omega}(\Omega)2 + \Omega_{\omega})"
"ψ(Ω_(ω+1)×Ω+ψ_(ω)(Ω_(ω+1)×Ω+1))","\psi(\psi_\omega(\Omega)\times\omega)","\psi(\psi_{\omega}(\Omega)\omega)"
"ψ(Ω_(ω+1)×Ω+ψ_(ω)(Ω_(ω+1)×Ω+Ω))","\psi(\psi_\omega(\Omega)\times\Omega)","\psi(\psi_{\omega}(\Omega)\Omega)"
"ψ(Ω_(ω+1)×Ω+ψ_(ω)(Ω_(ω+1)×Ω+ψ_(1)(Ω_(ω))))","\psi(\psi_\omega(\Omega)\times\psi_1(\Omega_\omega))","\psi(\psi_{\omega}(\Omega)\psi_{1}(\Omega_{\omega}))"
"ψ(Ω_(ω+1)×Ω+ψ_(ω)(Ω_(ω+1)×Ω+ψ_(1)(Ω_(ω+1)×Ω)))","\psi(\psi_\omega(\Omega)\times\psi_1(\psi_\omega(\Omega)))","\psi(\psi_{\omega}(\Omega)\psi_{1}(\psi_{\omega}(0)\Omega))"
"ψ(Ω_(ω+1)×Ω+ψ_(ω)(Ω_(ω+1)×Ω+Ω_(2)))","\psi(\psi_\omega(\Omega)\times\Omega_2)","\psi(\psi_{\omega}(\Omega)\Omega_{2})"
"ψ(Ω_(ω+1)×Ω+ψ_(ω)(Ω_(ω+1)×Ω+Ω_(2))+Ω)","\psi(\psi_\omega(\Omega)\times\Omega_2+1)","\psi(\psi_{\omega}(\Omega)\Omega_{2} + 1)"
"ψ(Ω_(ω+1)×Ω+ψ_(ω)(Ω_(ω+1)×Ω+Ω_(2))+ψ_(1)(Ω_(ω+1)×Ω+ψ_(ω)(Ω_(ω+1)×Ω+Ω_(2))))","\psi(\psi_\omega(\Omega)\times\Omega_2+\psi_1(\psi_{\omega}(\Omega)\times\Omega_2))","\psi(\psi_{\omega}(\Omega)\Omega_{2} + \psi_{1}(\psi_{\omega}(\Omega))\psi_{\omega}(\Omega)\Omega_{2})"
"ψ(Ω_(ω+1)×Ω+ψ_(ω)(Ω_(ω+1)×Ω+Ω_(2))+Ω_(2))","\psi(\psi_\omega(\Omega)\times\Omega_2+\psi_1(\psi_{\omega}(\Omega)\times\Omega_2+1))","\psi(\psi_{\omega}(\Omega)\Omega_{2} + \Omega_{2})"
"ψ(Ω_(ω+1)×Ω+ψ_(ω)(Ω_(ω+1)×Ω+Ω_(2))+Ω_(2)^{2})","\psi(\psi_\omega(\Omega)\times\Omega_2+\Omega_2)","\psi(\psi_{\omega}(\Omega)\Omega_{2} + \Omega_{2})"
"ψ(Ω_(ω+1)×Ω+ψ_(ω)(Ω_(ω+1)×Ω+Ω_(2))+ψ_(2)(Ω_(ω)))","\psi(\psi_\omega(\Omega)\times\Omega_2+\psi_2(\Omega_\omega))","\psi(\psi_{\omega}(\Omega)\Omega_{2} + \psi_{2}(\Omega_{\omega}))"
"ψ(Ω_(ω+1)×Ω+ψ_(ω)(Ω_(ω+1)×Ω+Ω_(2))+ψ_(2)(Ω_(ω+1)×Ω+ψ_(ω)(Ω_(ω+1)×Ω+Ω_(2))))","\psi(\psi_\omega(\Omega)\times\Omega_2+\psi_2(\psi_\omega(\Omega)\times\Omega_2))","\psi(\psi_{\omega}(\Omega)\Omega_{2} + \psi_{2}(\psi_{\omega}(\Omega))\psi_{\omega}(\Omega)\Omega_{2})"
"ψ(Ω_(ω+1)×Ω+ψ_(ω)(Ω_(ω+1)×Ω+Ω_(2))+Ω_(3)^{2})","\psi(\psi_\omega(\Omega)\times\Omega_2+\Omega_3)","\psi(\psi_{\omega}(\Omega)\Omega_{2} + \Omega_{3})"
"ψ(Ω_(ω+1)×Ω+ψ_(ω)(Ω_(ω+1)×Ω+Ω_(2))+Ω_(ω))","\psi(\psi_\omega(\Omega)\times\Omega_2+\Omega_\omega)","\psi(\psi_{\omega}(\Omega)\Omega_{2} + \Omega_{\omega})"
"ψ(Ω_(ω+1)×Ω+ψ_(ω)(Ω_(ω+1)×Ω+Ω_(2))+ψ_(ω)(Ω_(ω+1)×Ω))","\psi(\psi_\omega(\Omega)\times\Omega_2+\psi_\omega(\Omega))","\psi(\psi_{\omega}(\Omega)\Omega_{2} + 1)"
"ψ(Ω_(ω+1)×Ω+ψ_(ω)(Ω_(ω+1)×Ω+Ω_(2))×2)","\psi(\psi_\omega(\Omega)\times\Omega_2\times2)","\psi(\psi_{\omega}(\Omega) + \psi_{\omega}(\Omega)\Omega_{2}2)"
"ψ(Ω_(ω+1)×Ω+ψ_(ω)(Ω_(ω+1)×Ω+Ω_(2)×2))","\psi(\psi_\omega(\Omega)\times\Omega_2^2)","\psi(\psi_{\omega}(\Omega) + \psi_{\omega}(\Omega)\Omega_{2}2)"
"ψ(Ω_(ω+1)×Ω+ψ_(ω)(Ω_(ω+1)×Ω+ψ_(2)(Ω_(3))))","\psi(\psi_\omega(\Omega)\times\psi_2(0))","\psi(\psi_{\omega}(\Omega)\psi_{2}(\Omega_{3}))"
"ψ(Ω_(ω+1)×Ω+ψ_(ω)(Ω_(ω+1)×Ω+Ω_(3)))","\psi(\psi_\omega(\Omega)\times\Omega_3)","\psi(\psi_{\omega}(\Omega)\Omega_{3})"
"ψ(Ω_(ω+1)×Ω+ψ_(ω)(Ω_(ω+1)×Ω+Ω_(ω)))","\psi(\psi_\omega(\Omega)\times\Omega_\omega)","\psi(\psi_{\omega}(\Omega)\Omega_{\omega})"
"ψ(Ω_(ω+1)×Ω+ψ_(ω)(Ω_(ω+1)×Ω+Ω_(ω))+Ω_(ω))","\psi(\psi_\omega(\Omega)\times\Omega_\omega+\Omega_\omega)","\psi(\psi_{\omega}(\Omega)\Omega_{\omega} + \Omega_{\omega})"
"ψ(Ω_(ω+1)×Ω+ψ_(ω)(Ω_(ω+1)×Ω+Ω_(ω))+ψ_(ω)(Ω_(ω+1)×Ω+Ω_(2)))","\psi(\psi_\omega(\Omega)\times\Omega_\omega+\psi_\omega(\Omega)\times\Omega_2)","\psi(\psi_{\omega}(\Omega)\Omega_{\omega} + \Omega_{2})"
"ψ(Ω_(ω+1)×Ω+ψ_(ω)(Ω_(ω+1)×Ω+Ω_(ω))×2)","\psi(\psi_\omega(\Omega)\times\Omega_\omega\times2)","\psi(\psi_{\omega}(\Omega) + \psi_{\omega}(\Omega)\Omega_{\omega}2)"
"ψ(Ω_(ω+1)×Ω+ψ_(ω)(Ω_(ω+1)×Ω+Ω_(ω)×2))","\psi(\psi_\omega(\Omega)\times\Omega_\omega^2)","\psi(\psi_{\omega}(\Omega) + \psi_{\omega}(\Omega)\Omega_{\omega}2)"
"ψ(Ω_(ω+1)×Ω+ψ_(ω)(Ω_(ω+1)×Ω+Ω_(ω)^{2}))","\psi(\psi_\omega(\Omega)\times\Omega_\omega^{\Omega_\omega})","\psi(\psi_{\omega}(\Omega)\Omega_{\omega}^{2})"
"ψ(Ω_(ω+1)×Ω+ψ_(ω)(Ω_(ω+1)×Ω+ψ_(ω)(Ω_(ω+1))))","\psi(\psi_\omega(\Omega)\times\psi_\omega(0))","\psi(\psi_{\omega}(\Omega)\psi_{\omega}(0))"
"ψ(Ω_(ω+1)×Ω+ψ_(ω)(Ω_(ω+1)×Ω+ψ_(ω)(Ω_(ω+1)×2)))","\psi(\psi_\omega(\Omega)\times\psi_\omega(1))","\psi(\psi_{\omega}(\Omega)\psi_{\omega}(1))"
"ψ(Ω_(ω+1)×Ω+ψ_(ω)(Ω_(ω+1)×Ω+ψ_(ω)(Ω_(ω+1)×Ω)))","\psi(\psi_\omega(\Omega)^2)","\psi(\psi_{\omega}(\Omega)^{2})"
"ψ(Ω_(ω+1)×Ω+ψ_(ω)(Ω_(ω+1)×Ω+ψ_(ω)(Ω_(ω+1)×Ω+1)))","\psi(\psi_\omega(\Omega)^\omega)","\psi(\psi_{\omega}(\Omega)^{\omega})"
"ψ(Ω_(ω+1)×Ω+ψ_(ω)(Ω_(ω+1)×Ω+ψ_(ω)(Ω_(ω+1)×Ω+Ω_(2))))","\psi(\psi_\omega(\Omega)^{\Omega_2})","\psi(\psi_{\omega}(\Omega)^{\Omega_{2}})"
"ψ(Ω_(ω+1)×Ω+ψ_(ω)(Ω_(ω+1)×Ω+ψ_(ω)(Ω_(ω+1)×Ω+Ω_(ω))))","\psi(\psi_\omega(\Omega)^{\Omega_\omega})","\psi(\psi_{\omega}(\Omega)^{\Omega_{\omega}})"
"ψ(Ω_(ω+1)×Ω+ψ_(ω)(Ω_(ω+1)×Ω+ψ_(ω)(Ω_(ω+1)×Ω+Ω_(ω)^{2})))","\psi(\psi_\omega(\Omega)^{\Omega_\omega^{\Omega_\omega}})","\psi(\psi_{\omega}(\Omega)^{\Omega_{\omega}^{2}})"
"ψ(Ω_(ω+1)×Ω+ψ_(ω)(Ω_(ω+1)×Ω+ψ_(ω)(Ω_(ω+1)×Ω+ψ_(ω)(Ω_(ω+1)))))","\psi(\psi_\omega(\Omega)^{\psi_\omega(0)})","\psi(\psi_{\omega}(\Omega)^{\psi_{\omega}(0)})"
"ψ(Ω_(ω+1)×Ω+ψ_(ω)(Ω_(ω+1)×Ω+ψ_(ω)(Ω_(ω+1)×Ω+ψ_(ω)(Ω_(ω+1)×Ω))))","\psi(\psi_\omega(\Omega)^{\psi_\omega(\Omega)})","\psi(\psi_{\omega}(\Omega)^{\psi_{\omega}(\Omega)})"
"ψ(Ω_(ω+1)×Ω+Ω_(ω+1))","\psi(\psi_\omega(\Omega+1))","\psi(\psi_{\omega}(\Omega + 1))"
"ψ(Ω_(ω+1)×Ω+Ω_(ω+1)×2)","\psi(\psi_\omega(\Omega+2))","\psi(\psi_{\omega}(\Omega + 2))"
"ψ(Ω_(ω+1)×Ω×2)","\psi(\psi_\omega(\Omega\times2))","\psi(\psi_{\omega}(\Omega2))"
"ψ(Ω_(ω+1)×Ω^{2})","\psi(\psi_\omega(\Omega^2))","\psi(\psi_{\omega}(\Omega^{2}))"
"ψ(Ω_(ω+1)×ψ_(1)(Ω_(2)))","\psi(\psi_\omega(\psi_1(0)))","\psi(\psi_{\omega}(\psi_{1}(0)))"
"ψ(Ω_(ω+1)×ψ_(1)(Ω_(ω+1)))","\psi(\psi_\omega(\psi_1(\psi_\omega(0))))","\psi(\psi_{\omega}(\psi_{1}(\psi_{\omega}(0))))"
"ψ(Ω_(ω+1)×Ω_(2))","\psi(\psi_\omega(\Omega_2))","\psi(\psi_{\omega}(\Omega_{2}))"
"ψ(Ω_(ω+1)×Ω_(ω))","\psi(\psi_\omega(\Omega_\omega))","\psi(\psi_{\omega}(\Omega_{\omega}))"
"ψ(Ω_(ω+1)×Ω_(ω)+Ω_(ω))","\psi(\psi_\omega(\Omega_\omega)+\Omega_\omega)","\psi(\psi_{\omega}(\Omega_{\omega}) + \Omega_{\omega})"
"ψ(Ω_(ω+1)×Ω_(ω)+ψ_(ω)(Ω_(ω+1)×Ω_(ω)+1))","\psi(\psi_\omega(\Omega_\omega)\times\omega)","\psi(\psi_{\omega}(\Omega_{\omega})\omega)"
"ψ(Ω_(ω+1)×Ω_(ω)+ψ_(ω)(Ω_(ω+1)×Ω_(ω)+Ω_(ω)))","\psi(\psi_\omega(\Omega_\omega)\times\Omega_\omega)","\psi(\psi_{\omega}(\Omega_{\omega})\Omega_{\omega})"
"ψ(Ω_(ω+1)×Ω_(ω)+ψ_(ω)(Ω_(ω+1)×Ω_(ω)+ψ_(ω)(Ω_(ω+1)×Ω)))","\psi(\psi_\omega(\Omega_\omega)\times\psi_\omega(\Omega))","\psi(\psi_{\omega}(\Omega_{\omega})\psi_{\omega}(\Omega))"
"ψ(Ω_(ω+1)×Ω_(ω)+ψ_(ω)(Ω_(ω+1)×Ω_(ω)+ψ_(ω)(Ω_(ω+1)×Ω_(ω))))","\psi(\psi_\omega(\Omega_\omega)^2)","\psi(\psi_{\omega}(\Omega_{\omega})^{2})"
"ψ(Ω_(ω+1)×Ω_(ω)+Ω_(ω+1))","\psi(\psi_\omega(\Omega_\omega+1))","\psi(\psi_{\omega}(\Omega_{\omega} + 1))"
"ψ(Ω_(ω+1)×Ω_(ω)+Ω_(ω+1)×Ω)","\psi(\psi_\omega(\Omega_\omega+\Omega))","\psi(\psi_{\omega}(\Omega_{\omega} + \Omega))"
"ψ(Ω_(ω+1)×Ω_(ω)×2)","\psi(\psi_\omega(\Omega_\omega\times2))","\psi(\psi_{\omega}(\Omega_{\omega}2))"
"ψ(Ω_(ω+1)×Ω_(ω)×Ω)","\psi(\psi_\omega(\Omega_\omega\times\Omega))","\psi(\psi_{\omega}(\Omega_{\omega}\Omega))"
"ψ(Ω_(ω+1)×Ω_(ω)^{2})","\psi(\psi_\omega(\Omega_\omega^2))","\psi(\psi_{\omega}(\Omega_{\omega}^{2}))"
"ψ(Ω_(ω+1)×Ω_(ω)^{Ω_(ω)})","\psi(\psi_\omega(\Omega_\omega^{\Omega_\omega}))","\psi(\psi_{\omega}(\Omega_{\omega}^{\Omega_{\omega}}))"
"ψ(Ω_(ω+1)×ψ_(ω)(Ω_(ω+1)))","\psi(\psi_\omega(\psi_\omega(0)))","\psi(\psi_{\omega}(\psi_{\omega}(0)))"
"ψ(Ω_(ω+1)^{2})","\psi(\Omega_{\omega+1})","\psi(\Omega_{\omega + 1})"
"ψ(Ω_(ω+1)^{2}+Ω_(ω))","\psi(\Omega_{\omega+1}+\Omega_\omega)","\psi(\Omega_{\omega + 1} + \Omega_{\omega})"
"ψ(Ω_(ω+1)^{2}+ψ_(ω)(Ω_(ω+1)))","\psi(\Omega_{\omega+1}+\psi_\omega(0))","\psi(\Omega_{\omega + 1} + \psi_{\omega}(0))"
"ψ(Ω_(ω+1)^{2}+ψ_(ω)(Ω_(ω+1)^{2}))","\psi(\Omega_{\omega+1}+\psi_\omega(\Omega_{\omega+1}))","\psi(\Omega_{\omega + 1} + \psi_{\omega}(\Omega_{\omega + 1}))"
"ψ(Ω_(ω+1)^{2}+ψ_(ω)(Ω_(ω+1)^{2}+1))","\psi(\Omega_{\omega+1}+\psi_\omega(\Omega_{\omega+1})\times\omega)","\psi(\Omega_{\omega + 1} + \psi_{\omega}(\Omega_{\omega + 1} + 1))"
"ψ(Ω_(ω+1)^{2}+ψ_(ω)(Ω_(ω+1)^{2}+Ω))","\psi(\Omega_{\omega+1}+\psi_\omega(\Omega_{\omega+1})\times\Omega)","\psi(\Omega_{\omega + 1} + \psi_{\omega}(\Omega_{\omega + 1} + \Omega))"
"ψ(Ω_(ω+1)^{2}+ψ_(ω)(Ω_(ω+1)^{2}+Ω_(ω)))","\psi(\Omega_{\omega+1}+\psi_\omega(\Omega_{\omega+1})\times\Omega_\omega)","\psi(\Omega_{\omega + 1} + \psi_{\omega}(\Omega_{\omega + 1} + \Omega_{\omega}))"
"ψ(Ω_(ω+1)^{2}+ψ_(ω)(Ω_(ω+1)^{2}+ψ_(ω)(Ω_(ω+1))))","\psi(\Omega_{\omega+1}+\psi_\omega(\Omega_{\omega+1})\times\psi_\omega(0))","\psi(\Omega_{\omega + 1} + \psi_{\omega}(\Omega_{\omega + 1} + \psi_{\omega}(\Omega_{\omega + 1})))"
"ψ(Ω_(ω+1)^{2}+ψ_(ω)(Ω_(ω+1)^{2}+ψ_(ω)(Ω_(ω+1)^{2})))","\psi(\Omega_{\omega+1}+\psi_\omega(\Omega_{\omega+1})^2)","\psi(\Omega_{\omega + 1} + \psi_{\omega}(\Omega_{\omega + 1} + \psi_{\omega}(\Omega_{\omega + 1})))"
"ψ(Ω_(ω+1)^{2}+ψ_(ω)(Ω_(ω+1)^{2}+ψ_(ω)(Ω_(ω+1)^{2}+Ω)))","\psi(\Omega_{\omega+1}+\psi_\omega(\Omega_{\omega+1})^\Omega)","\psi(\Omega_{\omega + 1} + \psi_{\omega}(\Omega_{\omega + 1} + \psi_{\omega}(\Omega_{\omega + 1} + \Omega)))"
"ψ(Ω_(ω+1)^{2}+ψ_(ω)(Ω_(ω+1)^{2}+ψ_(ω)(Ω_(ω+1)^{2}+Ω_(ω))))","\psi(\Omega_{\omega+1}+\psi_\omega(\Omega_{\omega+1})^{\Omega_\omega})","\psi(\Omega_{\omega + 1} + \psi_{\omega}(\Omega_{\omega + 1} + \psi_{\omega}(\Omega_{\omega + 1} + \Omega_{\omega})))"
"ψ(Ω_(ω+1)^{2}+ψ_(ω)(Ω_(ω+1)^{2}+ψ_(ω)(Ω_(ω+1)^{2}+ψ_(ω)(Ω_(ω+1)^{2}))))","\psi(\Omega_{\omega+1}+\psi_\omega(\Omega_{\omega+1})^{\psi_\omega(\Omega_{\omega+1})})","\psi(\Omega_{\omega + 1} + \psi_{\omega}(\Omega_{\omega + 1} + \psi_{\omega}(\Omega_{\omega + 1} + \psi_{\omega}(\Omega_{\omega + 1}))))"
"ψ(Ω_(ω+1)^{2}+Ω_(ω+1))","\psi(\Omega_{\omega+1}+\psi_\omega(\Omega_{\omega+1}+1))","\psi(\Omega_{\omega + 1} + \psi_{\omega}(\Omega_{\omega + 1} + 1))"
"ψ(Ω_(ω+1)^{2}+Ω_(ω+1)×Ω)","\psi(\Omega_{\omega+1}+\psi_\omega(\Omega_{\omega+1}+\Omega))","\psi(\Omega_{\omega + 1} + \psi_{\omega}(\Omega_{\omega + 1} + \Omega))"
"ψ(Ω_(ω+1)^{2}+Ω_(ω+1)×Ω_(ω))","\psi(\Omega_{\omega+1}+\psi_\omega(\Omega_{\omega+1}+\Omega_\omega))","\psi(\Omega_{\omega + 1} + \psi_{\omega}(\Omega_{\omega + 1} + \Omega_{\omega}))"
"ψ(Ω_(ω+1)^{2}+Ω_(ω+1)×ψ_(ω)(Ω_(ω+1)))","\psi(\Omega_{\omega+1}+\psi_\omega(\Omega_{\omega+1}+\psi_\omega(0)))","\psi(\Omega_{\omega + 1} + \psi_{\omega}(\Omega_{\omega + 1} + \psi_{\omega}(0)))"
"ψ(Ω_(ω+1)^{2}+Ω_(ω+1)×ψ_(ω)(Ω_(ω+1)^{2}))","\psi(\Omega_{\omega+1}+\psi_\omega(\Omega_{\omega+1}+\psi_\omega(\Omega_{\omega+1})))","\psi(\Omega_{\omega + 1} + \psi_{\omega}(\Omega_{\omega + 1} + \psi_{\omega}(\Omega_{\omega + 1})))"
"ψ(Ω_(ω+1)^{2}×2)","\psi(\Omega_{\omega+1}\times2)","\psi(\Omega_{\omega + 1}2)"
"ψ(Ω_(ω+1)^{2}×3)","\psi(\Omega_{\omega+1}\times3)","\psi(\Omega_{\omega + 1}3)"
"ψ(Ω_(ω+1)^{2}×ω)","\psi(\Omega_{\omega+1}\times\omega)","\psi(\Omega_{\omega + 1}\omega)"
"ψ(Ω_(ω+1)^{2}×Ω)","\psi(\Omega_{\omega+1}\times\Omega)","\psi(\Omega_{\omega + 1}\Omega)"
"ψ(Ω_(ω+1)^{2}×Ω_(ω))","\psi(\Omega_{\omega+1}\times\Omega_\omega)","\psi(\Omega_{\omega + 1}\Omega_{\omega})"
"ψ(Ω_(ω+1)^{2}×ψ_(ω)(Ω_(ω+1)))","\psi(\Omega_{\omega+1}\times\psi_\omega(0))","\psi(\Omega_{\omega + 1}\psi_{\omega}(\Omega_{\omega + 1}))"
"ψ(Ω_(ω+1)^{2}×ψ_(ω)(Ω_(ω+1)^{2}))","\psi(\Omega_{\omega+1}\times\psi_\omega(\Omega_{\omega+1}))","\psi(\Omega_{\omega + 1}\psi_{\omega}(\Omega_{\omega + 1}))"
"ψ(Ω_(ω+1)^{3})","\psi(\Omega_{\omega+1}^2)","\psi(\Omega_{\omega + 1}^{2})"
"ψ(Ω_(ω+1)^{Ω})","\psi(\Omega_{\omega+1}^\Omega)","\psi(\Omega_{\omega + 1}^{\Omega})"
"ψ(Ω_(ω+1)^{Ω_(ω)})","\psi(\Omega_{\omega+1}^{\Omega_\omega})","\psi(\Omega_{\omega + 1}^{\Omega_{\omega}})"
"ψ(Ω_(ω+1)^{ψ_(ω)(Ω_(ω+1)^{2})})","\psi(\Omega_{\omega+1}^{\psi_\omega(\Omega_{\omega+1})})","\psi(\Omega_{\omega + 1}^{\psi_{\omega}(\Omega_{\omega + 1})})"
"ψ(Ω_(ω+1)^{Ω_(ω+1)})","\psi(\Omega_{\omega+1}^{\Omega_{\omega+1}})","\psi(\Omega_{\omega + 1}^{\Omega_{\omega + 1}})"
"ψ(Ω_(ω+2))","\psi(\psi_{\omega+1}(0))","\psi(\psi_{\omega + 1}(0))"
"ψ(Ω_(ω+2)+ψ_(ω)(Ω_(ω+2)))","\psi(\psi_{\omega+1}(0)+\psi_\omega(\psi_{\omega+1}(0)))","\psi(\psi_{\omega + 1}(0) + \psi_{\omega}(\Omega_{\omega + 2}))"
"ψ(Ω_(ω+2)+ψ_(ω+1)(Ω_(ω+2)))","\psi(\psi_{\omega+1}(0)\times2)","\psi(\psi_{\omega + 1}(0)2)"
"ψ(Ω_(ω+2)×2)","\psi(\psi_{\omega+1}(1))","\psi(\psi_{\omega + 1}(1))"
"ψ(Ω_(ω+2)×Ω)","\psi(\psi_{\omega+1}(\Omega))","\psi(\psi_{\omega + 1}(\Omega))"
"ψ(Ω_(ω+2)×Ω_(ω))","\psi(\psi_{\omega+1}(\Omega_\omega))","\psi(\psi_{\omega + 1}(\Omega_{\omega}))"
"ψ(Ω_(ω+2)×ψ_(ω)(Ω_(ω+1)))","\psi(\psi_{\omega+1}(\psi_\omega(0)))","\psi(\psi_{\omega + 1}(\psi_{\omega}(0)))"
"ψ(Ω_(ω+2)×ψ_(ω)(Ω_(ω+2)))","\psi(\psi_{\omega+1}(\psi_\omega(\psi_{\omega+1}(0))))","\psi(\psi_{\omega + 1}(\psi_{\omega}(\Omega_{\omega + 2})))"
"ψ(Ω_(ω+2)×Ω_(ω+1))","\psi(\psi_{\omega+1}(\Omega_{\omega+1}))","\psi(\psi_{\omega + 1}(\Omega_{\omega + 1}))"
"ψ(Ω_(ω+2)×ψ_(ω+1)(Ω_(ω+2)))","\psi(\psi_{\omega+1}(\psi_{\omega+1}(0)))","\psi(\psi_{\omega + 1}(\psi_{\omega + 1}(0)))"
"ψ(Ω_(ω+2)^{2})","\psi(\Omega_{\omega+2})","\psi(\Omega_{\omega + 2})"
"ψ(Ω_(ω+2)^{Ω_(ω+2)})","\psi(\Omega_{\omega+2}^{\Omega_{\omega+2}})","\psi(\Omega_{\omega + 2}^{\Omega_{\omega + 2}})"
"ψ(Ω_(ω+3))","\psi(\psi_{\omega+2}(0))","\psi(\psi_{\omega + 2}(0))"
"ψ(Ω_(ω+3)^{2})","\psi(\Omega_{\omega+3})","\psi(\Omega_{\omega + 3})"
"ψ(Ω_(ω×2))","\psi(\Omega_{\omega\times2})","\psi(\Omega_{\omega2})"
"ψ(Ω_(ω×2)+Ω_(ω))","\psi(\Omega_{\omega\times2}+\Omega_\omega)","\psi(\Omega_{\omega2} + \Omega_{\omega})"
"ψ(Ω_(ω×2)+ψ_(ω)(Ω_(ω+1)))","\psi(\Omega_{\omega\times2}+\psi_\omega(0))","\psi(\Omega_{\omega2} + \psi_{\omega}(0))"
"ψ(Ω_(ω×2)+ψ_(ω)(Ω_(ω+1)^{2}))","\psi(\Omega_{\omega\times2}+\psi_\omega(\Omega_{\omega+1}))","\psi(\Omega_{\omega2} + \psi_{\omega}(\Omega_{\omega + 1}))"
"ψ(Ω_(ω×2)+ψ_(ω)(Ω_(ω+2)))","\psi(\Omega_{\omega\times2}+\psi_\omega(\psi_{\omega+1}(0)))","\psi(\Omega_{\omega2} + \psi_{\omega}(\Omega_{\omega + 2}))"
"ψ(Ω_(ω×2)+ψ_(ω)(Ω_(ω×2)))","\psi(\Omega_{\omega\times2}+\psi_\omega(\Omega_{\omega\times2}))","\psi(\Omega_{\omega2} + \psi_{\omega}(0))"
"ψ(Ω_(ω×2)+ψ_(ω)(Ω_(ω×2)+Ω))","\psi(\Omega_{\omega\times2}+\psi_\omega(\Omega_{\omega\times2})\times\Omega)","\psi(\Omega_{\omega2} + \psi_{\omega}(1))"
"ψ(Ω_(ω×2)+ψ_(ω)(Ω_(ω×2)+Ω_(ω)))","\psi(\Omega_{\omega\times2}+\psi_\omega(\Omega_{\omega\times2})\times\Omega_\omega)","\psi(\Omega_{\omega2} + \psi_{\omega}(\Omega_{\omega}))"
"ψ(Ω_(ω×2)+ψ_(ω)(Ω_(ω×2)+ψ_(ω)(Ω_(ω+1))))","\psi(\Omega_{\omega\times2}+\psi_\omega(\Omega_{\omega\times2})\times\psi_\omega(0))","\psi(\Omega_{\omega2} + \psi_{\omega}(\psi_{\omega}(0)))"
"ψ(Ω_(ω×2)+ψ_(ω)(Ω_(ω×2)+ψ_(ω)(Ω_(ω×2))))","\psi(\Omega_{\omega\times2}+\psi_\omega(\Omega_{\omega\times2})^2)","\psi(\Omega_{\omega2} + \psi_{\omega}(0)^{2})"
"ψ(Ω_(ω×2)+ψ_(ω)(Ω_(ω×2)+ψ_(ω)(Ω_(ω×2)+Ω)))","\psi(\Omega_{\omega\times2}+\psi_\omega(\Omega_{\omega\times2})^\Omega)","\psi(\Omega_{\omega2} + \psi_{\omega}(0)^{\Omega})"
"ψ(Ω_(ω×2)+ψ_(ω)(Ω_(ω×2)+ψ_(ω)(Ω_(ω×2)+ψ_(ω)(Ω_(ω×2)))))","\psi(\Omega_{\omega\times2}+\psi_\omega(\Omega_{\omega\times2})^{\psi_{\omega}(\Omega_{\omega\times2})})","\psi(\Omega_{\omega2} + \psi_{\omega}(0)^{\psi_{\omega}(0)})"
"ψ(Ω_(ω×2)+Ω_(ω+1))","\psi(\Omega_{\omega\times2}+\psi_\omega(\Omega_{\omega\times2}+1))","\psi(\Omega_{\omega2} + \Omega_{\omega + 1})"
"ψ(Ω_(ω×2)+Ω_(ω+1)×ψ_(ω)(Ω_(ω×2)+Ω_(ω+1)))","\psi(\Omega_{\omega\times2}+\psi_\omega(\Omega_{\omega\times2}+\psi_\omega(\Omega_{\omega\times2}+1)))","\psi(\Omega_{\omega2} + \psi_{\omega}(\Omega_{\omega + 1}))"
"ψ(Ω_(ω×2)+Ω_(ω+1)^{2})","\psi(\Omega_{\omega\times2}+\Omega_{\omega+1})","\psi(\Omega_{\omega2} + \Omega_{\omega + 1})"
"ψ(Ω_(ω×2)+Ω_(ω+1)^{2}×2)","\psi(\Omega_{\omega\times2}+\Omega_{\omega+1}\times2)","\psi(\Omega_{\omega2} + \Omega_{\omega + 1}2)"
"ψ(Ω_(ω×2)+Ω_(ω+1)^{2}×Ω_(ω))","\psi(\Omega_{\omega\times2}+\Omega_{\omega+1}\times\Omega_\omega)","\psi(\Omega_{\omega2} + \Omega_{\omega + 1}\Omega_{\omega})"
"ψ(Ω_(ω×2)+Ω_(ω+1)^{3})","\psi(\Omega_{\omega\times2}+\Omega_{\omega+1}^2)","\psi(\Omega_{\omega2} + \Omega_{\omega + 1}^{2})"
"ψ(Ω_(ω×2)+Ω_(ω+1)^{Ω_(ω+1)})","\psi(\Omega_{\omega\times2}+\Omega_{\omega+1}^{\Omega_{\omega+1}})","\psi(\Omega_{\omega2} + \Omega_{\omega + 1}^{\Omega_{\omega + 1}})"
"ψ(Ω_(ω×2)+ψ_(ω+1)(Ω_(ω+2)))","\psi(\Omega_{\omega\times2}+\psi_{\omega+1}(0))","\psi(\Omega_{\omega2} + \psi_{\omega + 1}(0))"
"ψ(Ω_(ω×2)+ψ_(ω+1)(Ω_(ω×2)))","\psi(\Omega_{\omega\times2}+\psi_{\omega+1}(\Omega_{\omega\times2}))","\psi(\Omega_{\omega2} + \psi_{\omega + 1}(\Omega_{\omega2}))"
"ψ(Ω_(ω×2)+Ω_(ω+2))","\psi(\Omega_{\omega\times2}+\psi_{\omega+1}(\Omega_{\omega\times2}+1))","\psi(\Omega_{\omega2} + \Omega_{\omega + 2})"
"ψ(Ω_(ω×2)+Ω_(ω+2)^{2})","\psi(\Omega_{\omega\times2}+\Omega_{\omega+2})","\psi(\Omega_{\omega2} + \Omega_{\omega + 2})"
"ψ(Ω_(ω×2)+ψ_(ω+2)(Ω_(ω+3)))","\psi(\Omega_{\omega\times2}+\psi_{\omega+2}(0))","\psi(\Omega_{\omega2} + \psi_{\omega + 2}(0))"
"ψ(Ω_(ω×2)+ψ_(ω+2)(Ω_(ω×2)))","\psi(\Omega_{\omega\times2}+\psi_{\omega+2}(\Omega_{\omega\times2}))","\psi(\Omega_{\omega2} + \psi_{\omega + 2}(\Omega_{\omega2}))"
"ψ(Ω_(ω×2)×2)","\psi(\Omega_{\omega\times2}\times2)","\psi(\Omega_{\omega2}2)"
"ψ(Ω_(ω×2)×Ω)","\psi(\Omega_{\omega\times2}\times\Omega)","\psi(\Omega_{\omega2}\Omega)"
"ψ(Ω_(ω×2)×Ω_(ω))","\psi(\Omega_{\omega\times2}\times\Omega_\omega)","\psi(\Omega_{\omega2}\Omega_{\omega})"
"ψ(Ω_(ω×2)×Ω_(ω)+ψ_(ω)(Ω_(ω×2)×Ω_(ω)))","\psi(\Omega_{\omega\times2}\times\Omega_\omega+\psi_\omega(\Omega_{\omega\times2}\times\Omega_\omega))","\psi(\Omega_{\omega2}\Omega_{\omega} + \psi_{\omega}(\Omega_{\omega}))"
"ψ(Ω_(ω×2)×Ω_(ω)+ψ_(ω)(Ω_(ω×2)×Ω_(ω)+ψ_(ω)(Ω_(ω+1))))","\psi(\Omega_{\omega\times2}\times\Omega_\omega+\psi_\omega(\Omega_{\omega\times2}\times\Omega_\omega)\times\psi_\omega(0))","\psi(\Omega_{\omega2}\Omega_{\omega} + \psi_{\omega}(\Omega_{\omega} + \psi_{\omega}(0)))"
"ψ(Ω_(ω×2)×Ω_(ω)+Ω_(ω+1))","\psi(\Omega_{\omega\times2}\times\Omega_\omega+\psi_\omega(\Omega_{\omega\times2}\times\Omega_\omega+1))","\psi(\Omega_{\omega2}\Omega_{\omega} + \Omega_{\omega + 1})"
"ψ(Ω_(ω×2)×Ω_(ω)+Ω_(ω+1)×ψ_(ω)(Ω_(ω×2)×Ω_(ω)+Ω_(ω+1)))","\psi(\Omega_{\omega\times2}\times\Omega_\omega+\psi_\omega(\Omega_{\omega\times2}\times\Omega_\omega+\psi_\omega(\Omega_{\omega\times2}\times\Omega_\omega+1)))","\psi(\Omega_{\omega2}\Omega_{\omega} + \psi_{\omega}(\Omega_{\omega} + \Omega_{\omega + 1}))"
"ψ(Ω_(ω×2)×Ω_(ω)+Ω_(ω+1)^{2})","\psi(\Omega_{\omega\times2}\times\Omega_\omega+\Omega_{\omega+1})","\psi(\Omega_{\omega2}\Omega_{\omega} + \Omega_{\omega + 1})"
"ψ(Ω_(ω×2)×Ω_(ω)+ψ_(ω+1)(Ω_(ω+2)))","\psi(\Omega_{\omega\times2}\times\Omega_\omega+\psi_{\omega+1}(0))","\psi(\Omega_{\omega2}\Omega_{\omega} + \psi_{\omega + 1}(0))"
"ψ(Ω_(ω×2)×Ω_(ω)+ψ_(ω+1)(Ω_(ω×2)×Ω_(ω)))","\psi(\Omega_{\omega\times2}\times\Omega_\omega+\psi_{\omega+1}(\Omega_{\omega\times2}\times\Omega_\omega))","\psi(\Omega_{\omega2}\Omega_{\omega} + \psi_{\omega + 1}(\Omega_{\omega2}\Omega_{\omega}))"
"ψ(Ω_(ω×2)×Ω_(ω)+Ω_(ω+2)^{2})","\psi(\Omega_{\omega\times2}\times\Omega_\omega+\Omega_{\omega+2})","\psi(\Omega_{\omega2}\Omega_{\omega} + \Omega_{\omega + 2})"
"ψ(Ω_(ω×2)×Ω_(ω)+Ω_(ω+3)^{2})","\psi(\Omega_{\omega\times2}\times\Omega_\omega+\Omega_{\omega+3})","\psi(\Omega_{\omega2}\Omega_{\omega} + \Omega_{\omega + 3})"
"ψ(Ω_(ω×2)×Ω_(ω)+Ω_(ω×2))","\psi(\Omega_{\omega\times2}\times\Omega_\omega+\Omega_{\omega\times2})","\psi(\Omega_{\omega2}\Omega_{\omega} + \Omega_{\omega2})"
"ψ(Ω_(ω×2)×Ω_(ω)+Ω_(ω×2)×2)","\psi(\Omega_{\omega\times2}\times\Omega_\omega+\Omega_{\omega\times2}\times2)","\psi(\Omega_{\omega2}\Omega_{\omega} + \Omega_{\omega2}2)"
"ψ(Ω_(ω×2)×Ω_(ω)×2)","\psi(\Omega_{\omega\times2}\times\Omega_\omega\times2)","\psi(\Omega_{\omega2}\Omega_{\omega}2)"
"ψ(Ω_(ω×2)×Ω_(ω)^{2})","\psi(\Omega_{\omega\times2}\times\Omega_\omega^2)","\psi(\Omega_{\omega2}\Omega_{\omega}^{2})"
"ψ(Ω_(ω×2)×ψ_(ω)(Ω_(ω+1)))","\psi(\Omega_{\omega\times2}\times\psi_\omega(0))","\psi(\Omega_{\omega2}\psi_{\omega}(0))"
"ψ(Ω_(ω×2)×ψ_(ω)(Ω_(ω×2)))","\psi(\Omega_{\omega\times2}\times\psi_\omega(\Omega_{\omega\times2}))","\psi(\Omega_{\omega2}\psi_{\omega}(0))"
"ψ(Ω_(ω×2)×ψ_(ω)(Ω_(ω×2)×ψ_(ω)(Ω_(ω×2))))","\psi(\Omega_{\omega\times2}\times\psi_\omega(\Omega_{\omega\times2}\times\psi_\omega(\Omega_{\omega\times2})))","\psi(\Omega_{\omega2}\psi_{\omega}(\psi_{\omega}(0)))"
"ψ(Ω_(ω×2)×Ω_(ω+1))","\psi(\Omega_{\omega\times2}\times\Omega_{\omega+1})","\psi(\Omega_{\omega2}\Omega_{\omega + 1})"
"ψ(Ω_(ω×2)×Ω_(ω+1)+Ω_(ω+1)^{2})","\psi(\Omega_{\omega\times2}\times\Omega_{\omega+1}+\Omega_{\omega+1})","\psi(\Omega_{\omega2}\Omega_{\omega + 1} + \Omega_{\omega + 1})"
"ψ(Ω_(ω×2)×Ω_(ω+1)+ψ_(ω+1)(Ω_(ω×2)×Ω_(ω+1)))","\psi(\Omega_{\omega\times2}\times\Omega_{\omega+1}+\psi_{\omega+1}(\Omega_{\omega\times2}\times\Omega_{\omega+1}))","\psi(\Omega_{\omega2}\Omega_{\omega + 1} + \psi_{\omega + 1}(\Omega_{\omega2}\Omega_{\omega + 1}))"
"ψ(Ω_(ω×2)×Ω_(ω+1)+Ω_(ω+2))","\psi(\Omega_{\omega\times2}\times\Omega_{\omega+1}+\psi_{\omega+1}(\Omega_{\omega\times2}\times\Omega_{\omega+1}+1))","\psi(\Omega_{\omega2}\Omega_{\omega + 1} + \Omega_{\omega + 2})"
"ψ(Ω_(ω×2)×Ω_(ω+1)+Ω_(ω+2)^{2})","\psi(\Omega_{\omega\times2}\times\Omega_{\omega+1}+\Omega_{\omega+2})","\psi(\Omega_{\omega2}\Omega_{\omega + 1} + \Omega_{\omega + 2})"
"ψ(Ω_(ω×2)×Ω_(ω+1)+Ω_(ω×2))","\psi(\Omega_{\omega\times2}\times\Omega_{\omega+1}+\Omega_{\omega\times2})","\psi(\Omega_{\omega2}\Omega_{\omega + 1} + \Omega_{\omega2})"
"ψ(Ω_(ω×2)×Ω_(ω+1)×2)","\psi(\Omega_{\omega\times2}\times\Omega_{\omega+1}\times2)","\psi(\Omega_{\omega2}\Omega_{\omega + 1}2)"
"ψ(Ω_(ω×2)×Ω_(ω+1)^{2})","\psi(\Omega_{\omega\times2}\times\Omega_{\omega+1}^2)","\psi(\Omega_{\omega2}\Omega_{\omega + 1}^{2})"
"ψ(Ω_(ω×2)×ψ_(ω+1)(Ω_(ω×2)))","\psi(\Omega_{\omega\times2}\times\psi_{\omega+1}(\Omega_{\omega\times2}))","\psi(\Omega_{\omega2}\psi_{\omega + 1}(\Omega_{\omega2}))"
"ψ(Ω_(ω×2)×Ω_(ω+2))","\psi(\Omega_{\omega\times2}\times\Omega_{\omega+2})","\psi(\Omega_{\omega2}\Omega_{\omega + 2})"
"ψ(Ω_(ω×2)×Ω_(ω+3))","\psi(\Omega_{\omega\times2}\times\Omega_{\omega+3})","\psi(\Omega_{\omega2}\Omega_{\omega + 3})"
"ψ(Ω_(ω×2)^{2})","\psi(\Omega_{\omega\times2}^2)","\psi(\Omega_{\omega2}^{2})"
"ψ(Ω_(ω×2)^{3})","\psi(\Omega_{\omega\times2}^3)","\psi(\Omega_{\omega2}^{3})"
"ψ(Ω_(ω×2)^{Ω_(ω)})","\psi(\Omega_{\omega\times2}^{\Omega_\omega})","\psi(\Omega_{\omega2}^{\Omega_{\omega}})"
"ψ(Ω_(ω×2)^{Ω_(ω×2)})","\psi(\Omega_{\omega\times2}^{\Omega_{\omega\times2}})","\psi(\Omega_{\omega2}^{\Omega_{\omega2}})"
"ψ(Ω_(ω×2+1))","\psi(\psi_{\omega\times2}(0))","\psi(\psi_{\omega2}(0))"
"ψ(Ω_(ω×2+1)×2)","\psi(\psi_{\omega\times2}(1))","\psi(\psi_{\omega2}(1))"
"ψ(Ω_(ω×2+1)×Ω)","\psi(\psi_{\omega\times2}(\Omega))","\psi(\psi_{\omega2}(\Omega))"
"ψ(Ω_(ω×2+1)×Ω_(ω))","\psi(\psi_{\omega\times2}(\Omega_\omega))","\psi(\psi_{\omega2}(\Omega_{\omega}))"
"ψ(Ω_(ω×2+1)×Ω_(ω×2))","\psi(\psi_{\omega\times2}(\Omega_{\omega\times2}))","\psi(\psi_{\omega2}(\Omega_{\omega2}))"
"ψ(Ω_(ω×2+1)×ψ_(ω×2)(Ω_(ω×2+1)))","\psi(\psi_{\omega\times2}(\psi_{\omega\times2}(0)))","\psi(\psi_{\omega2}(\psi_{\omega2}(0)))"
"ψ(Ω_(ω×2+1)^{2})","\psi(\Omega_{\omega\times2+1})","\psi(\Omega_{\omega2 + 1})"
"ψ(Ω_(ω×2+2))","\psi(\psi_{\omega\times2+1}(0))","\psi(\psi_{\omega2 + 1}(0))"
"ψ(Ω_(ω×3))","\psi(\Omega_{\omega\times3})","\psi(\Omega_{\omega3})"
"ψ(Ω_(ω×3)×2)","\psi(\Omega_{\omega\times3}\times2)","\psi(\Omega_{\omega3}2)"
"ψ(Ω_(ω×3)×Ω_(ω))","\psi(\Omega_{\omega\times3}\times\Omega_\omega)","\psi(\Omega_{\omega3}\Omega_{\omega})"
"ψ(Ω_(ω×3)×Ω_(ω×2))","\psi(\Omega_{\omega\times3}\times\Omega_{\omega\times2})","\psi(\Omega_{\omega3}\Omega_{\omega2})"
"ψ(Ω_(ω×3)^{2})","\psi(\Omega_{\omega\times3}^2)","\psi(\Omega_{\omega3}^{2})"
"ψ(Ω_(ω×3+1))","\psi(\psi_{\omega\times3}(0))","\psi(\psi_{\omega3}(0))"
"ψ(Ω_(ω×4))","\psi(\Omega_{\omega\times4})","\psi(\Omega_{\omega4})"
"ψ(Ω_(ω^{2}))","\psi(\Omega_{\omega^2})","\psi(\Omega_{\omega^{2}})"
"ψ(Ω_(ω^{2})+Ω_(ω))","\psi(\Omega_{\omega^2}+\Omega_\omega)","\psi(\Omega_{\omega^{2}} + \Omega_{\omega})"
"ψ(Ω_(ω^{2})+ψ_(ω)(Ω_(ω+1)))","\psi(\Omega_{\omega^2}+\psi_\omega(0))","\psi(\Omega_{\omega^{2}} + \psi_{\omega}(0))"
"ψ(Ω_(ω^{2})+ψ_(ω)(Ω_(ω+1)^{2}))","\psi(\Omega_{\omega^2}+\psi_\omega(\Omega_{\omega+1}))","\psi(\Omega_{\omega^{2}} + \psi_{\omega}(\Omega_{\omega + 1}))"
"ψ(Ω_(ω^{2})+ψ_(ω)(Ω_(ω×2)))","\psi(\Omega_{\omega^2}+\psi_\omega(\Omega_{\omega\times2}))","\psi(\Omega_{\omega^{2}} + \psi_{\omega}(0))"
"ψ(Ω_(ω^{2})+ψ_(ω)(Ω_(ω×3)))","\psi(\Omega_{\omega^2}+\psi_\omega(\Omega_{\omega\times3}))","\psi(\Omega_{\omega^{2}} + \psi_{\omega}(\Omega_{\omega3}))"
"ψ(Ω_(ω^{2})+ψ_(ω)(Ω_(ω^{2})))","\psi(\Omega_{\omega^2}+\psi_\omega(\Omega_{\omega^2}))","\psi(\Omega_{\omega^{2}} + \psi_{\omega}(\Omega_{\omega^{2}}))"
"ψ(Ω_(ω^{2})+Ω_(ω+1)×ψ_(ω)(Ω_(ω^{2})))","\psi(\Omega_{\omega^2}+\psi_\omega(\Omega_{\omega^2}+\psi_\omega(\Omega_{\omega^2})))","\psi(\Omega_{\omega^{2}} + \psi_{\omega}(\Omega_{\omega^{2}}))"
"ψ(Ω_(ω^{2})+Ω_(ω+1)^{2})","\psi(\Omega_{\omega^2}+\Omega_{\omega+1})","\psi(\Omega_{\omega^{2}} + \Omega_{\omega + 1})"
"ψ(Ω_(ω^{2})+Ω_(ω×2))","\psi(\Omega_{\omega^2}+\Omega_{\omega\times2})","\psi(\Omega_{\omega^{2}} + \Omega_{\omega2})"
"ψ(Ω_(ω^{2})+ψ_(ω×2)(Ω_(ω×2+1)))","\psi(\Omega_{\omega^2}+\psi_{\omega\times2}(0))","\psi(\Omega_{\omega^{2}} + \psi_{\omega2}(0))"
"ψ(Ω_(ω^{2})+Ω_(ω×3))","\psi(\Omega_{\omega^2}+\Omega_{\omega\times3})","\psi(\Omega_{\omega^{2}} + \Omega_{\omega3})"
"ψ(Ω_(ω^{2})×2)","\psi(\Omega_{\omega^2}\times2)","\psi(\Omega_{\omega^{2}}2)"
"ψ(Ω_(ω^{2})×ω)","\psi(\Omega_{\omega^2}\times\omega)","\psi(\Omega_{\omega^{2}}\omega)"
"ψ(Ω_(ω^{2})×Ω)","\psi(\Omega_{\omega^2}\times\Omega)","\psi(\Omega_{\omega^{2}}\Omega)"
"ψ(Ω_(ω^{2})×Ω_(ω))","\psi(\Omega_{\omega^2}\times\Omega_\omega)","\psi(\Omega_{\omega^{2}}\Omega_{\omega})"
"ψ(Ω_(ω^{2})×Ω_(ω)+Ω_(ω))","\psi(\Omega_{\omega^2}\times\Omega_\omega+\Omega_\omega)","\psi(\Omega_{\omega^{2}}\Omega_{\omega} + \Omega_{\omega})"
"ψ(Ω_(ω^{2})×Ω_(ω)+Ω_(ω)×Ω)","\psi(\Omega_{\omega^2}\times\Omega_\omega+\Omega_\omega\times\Omega)","\psi(\Omega_{\omega^{2}}\Omega_{\omega} + \Omega_{\omega}\Omega)"
"ψ(Ω_(ω^{2})×Ω_(ω)+Ω_(ω)^{2})","\psi(\Omega_{\omega^2}\times\Omega_\omega+\Omega_\omega^2)","\psi(\Omega_{\omega^{2}}\Omega_{\omega} + \Omega_{\omega}^{2})"
"ψ(Ω_(ω^{2})×Ω_(ω)+ψ_(ω)(Ω_(ω+1)))","\psi(\Omega_{\omega^2}\times\Omega_\omega+\psi_\omega(0))","\psi(\Omega_{\omega^{2}}\Omega_{\omega} + \psi_{\omega}(0))"
"ψ(Ω_(ω^{2})×Ω_(ω)+ψ_(ω)(Ω_(ω^{2})))","\psi(\Omega_{\omega^2}\times\Omega_\omega+\psi_\omega(\Omega_{\omega^2}))","\psi(\Omega_{\omega^{2}}\Omega_{\omega} + \psi_{\omega}(\Omega_{\omega^{2}}))"
"ψ(Ω_(ω^{2})×Ω_(ω)+ψ_(ω)(Ω_(ω^{2})×Ω_(ω)))","\psi(\Omega_{\omega^2}\times\Omega_\omega+\psi_\omega(\Omega_{\omega^2}\times\Omega_\omega))","\psi(\Omega_{\omega^{2}}\Omega_{\omega} + \psi_{\omega}(\Omega_{\omega^{2}}\Omega_{\omega}))"
"ψ(Ω_(ω^{2})×Ω_(ω)+Ω_(ω+1)×ψ_(ω)(Ω_(ω^{2})×Ω_(ω)))","\psi(\Omega_{\omega^2}\times\Omega_\omega+\psi_\omega(\Omega_{\omega^2}\times\Omega_\omega+\psi_\omega(\Omega_{\omega^2}\times\Omega_\omega)))","\psi(\Omega_{\omega^{2}}\Omega_{\omega} + \psi_{\omega}(\Omega_{\omega^{2}}\Omega_{\omega}))"
"ψ(Ω_(ω^{2})×Ω_(ω)+Ω_(ω+1)^{2})","\psi(\Omega_{\omega^2}\times\Omega_\omega+\Omega_{\omega+1})","\psi(\Omega_{\omega^{2}}\Omega_{\omega} + \Omega_{\omega + 1})"
"ψ(Ω_(ω^{2})×Ω_(ω)+ψ_(ω+1)(Ω_(ω^{2})×Ω_(ω)))","\psi(\Omega_{\omega^2}\times\Omega_\omega+\psi_{\omega+1}(\Omega_{\omega^2}\times\Omega_\omega))","\psi(\Omega_{\omega^{2}}\Omega_{\omega} + \psi_{\omega + 1}(\Omega_{\omega^{2}}\Omega_{\omega}))"
"ψ(Ω_(ω^{2})×Ω_(ω)+Ω_(ω+2)^{2})","\psi(\Omega_{\omega^2}\times\Omega_\omega+\Omega_{\omega+2})","\psi(\Omega_{\omega^{2}}\Omega_{\omega} + \Omega_{\omega + 2})"
"ψ(Ω_(ω^{2})×Ω_(ω)+Ω_(ω×2))","\psi(\Omega_{\omega^2}\times\Omega_\omega+\Omega_{\omega\times2})","\psi(\Omega_{\omega^{2}}\Omega_{\omega} + \Omega_{\omega2})"
"ψ(Ω_(ω^{2})×Ω_(ω)+ψ_(ω×2)(Ω_(ω×2+1)))","\psi(\Omega_{\omega^2}\times\Omega_\omega+\psi_{\omega\times2}(0))","\psi(\Omega_{\omega^{2}}\Omega_{\omega} + \psi_{\omega2}(0))"
"ψ(Ω_(ω^{2})×Ω_(ω)+ψ_(ω×2)(Ω_(ω^{2})×Ω_(ω)))","\psi(\Omega_{\omega^2}\times\Omega_\omega+\psi_{\omega\times2}(\Omega_{\omega^2}\times\Omega_\omega))","\psi(\Omega_{\omega^{2}}\Omega_{\omega} + \psi_{\omega2}(\Omega_{\omega^{2}}\Omega_{\omega}))"
"ψ(Ω_(ω^{2})×Ω_(ω)+Ω_(ω×2+1)^{2})","\psi(\Omega_{\omega^2}\times\Omega_\omega+\Omega_{\omega\times2+1})","\psi(\Omega_{\omega^{2}}\Omega_{\omega} + \Omega_{\omega2 + 1})"
"ψ(Ω_(ω^{2})×Ω_(ω)+Ω_(ω×3))","\psi(\Omega_{\omega^2}\times\Omega_\omega+\Omega_{\omega\times3})","\psi(\Omega_{\omega^{2}}\Omega_{\omega} + \Omega_{\omega3})"
"ψ(Ω_(ω^{2})×Ω_(ω)+Ω_(ω^{2}))","\psi(\Omega_{\omega^2}\times\Omega_\omega+\Omega_{\omega^2})","\psi(\Omega_{\omega^{2}}\Omega_{\omega} + \Omega_{\omega^{2}})"
"ψ(Ω_(ω^{2})×Ω_(ω)+Ω_(ω^{2})×2)","\psi(\Omega_{\omega^2}\times\Omega_\omega+\Omega_{\omega^2}\times2)","\psi(\Omega_{\omega^{2}}\Omega_{\omega} + \Omega_{\omega^{2}}2)"
"ψ(Ω_(ω^{2})×Ω_(ω)×2)","\psi(\Omega_{\omega^2}\times\Omega_\omega\times2)","\psi(\Omega_{\omega^{2}}\Omega_{\omega}2)"
"ψ(Ω_(ω^{2})×Ω_(ω)^{2})","\psi(\Omega_{\omega^2}\times\Omega_\omega^2)","\psi(\Omega_{\omega^{2}}\Omega_{\omega}^{2})"
"ψ(Ω_(ω^{2})×ψ_(ω)(Ω_(ω+1)))","\psi(\Omega_{\omega^2}\times\psi_\omega(0))","\psi(\Omega_{\omega^{2}}\psi_{\omega}(0))"
"ψ(Ω_(ω^{2})×ψ_(ω)(Ω_(ω^{2})))","\psi(\Omega_{\omega^2}\times\psi_\omega(\Omega_{\omega^2}))","\psi(\Omega_{\omega^{2}}\psi_{\omega}(\Omega_{\omega^{2}}))"
"ψ(Ω_(ω^{2})×Ω_(ω+1))","\psi(\Omega_{\omega^2}\times\Omega_{\omega+1})","\psi(\Omega_{\omega^{2}}\Omega_{\omega + 1})"
"ψ(Ω_(ω^{2})×Ω_(ω+1)+Ω_(ω^{2}))","\psi(\Omega_{\omega^2}\times\Omega_{\omega+1}+\Omega_{\omega^2})","\psi(\Omega_{\omega^{2}}\Omega_{\omega + 1} + \Omega_{\omega^{2}})"
"ψ(Ω_(ω^{2})×Ω_(ω+2))","\psi(\Omega_{\omega^2}\times\Omega_{\omega+2})","\psi(\Omega_{\omega^{2}}\Omega_{\omega + 2})"
"ψ(Ω_(ω^{2})×Ω_(ω×2))","\psi(\Omega_{\omega^2}\times\Omega_{\omega\times2})","\psi(\Omega_{\omega^{2}}\Omega_{\omega2})"
"ψ(Ω_(ω^{2})×Ω_(ω×2)+Ω_(ω^{2}))","\psi(\Omega_{\omega^2}\times\Omega_{\omega\times2}+\Omega_{\omega^2})","\psi(\Omega_{\omega^{2}}\Omega_{\omega2} + \Omega_{\omega^{2}})"
"ψ(Ω_(ω^{2})×Ω_(ω×2+1))","\psi(\Omega_{\omega^2}\times\Omega_{\omega\times2+1})","\psi(\Omega_{\omega^{2}}\Omega_{\omega2 + 1})"
"ψ(Ω_(ω^{2})×Ω_(ω×3))","\psi(\Omega_{\omega^2}\times\Omega_{\omega\times3})","\psi(\Omega_{\omega^{2}}\Omega_{\omega3})"
"ψ(Ω_(ω^{2})^{2})","\psi(\Omega_{\omega^2}^2)","\psi(\Omega_{\omega^{2}}^{2})"
"ψ(Ω_(ω^{2})^{2}+Ω_(ω^{2}))","\psi(\Omega_{\omega^2}^2+\Omega_{\omega^2})","\psi(\Omega_{\omega^{2}}^{2} + \Omega_{\omega^{2}})"
"ψ(Ω_(ω^{2})^{2}×2)","\psi(\Omega_{\omega^2}^2\times2)","\psi(\Omega_{\omega^{2}}^{2}2)"
"ψ(Ω_(ω^{2})^{3})","\psi(\Omega_{\omega^2}^3)","\psi(\Omega_{\omega^{2}}^{3})"
"ψ(Ω_(ω^{2})^{Ω})","\psi(\Omega_{\omega^2}^\Omega)","\psi(\Omega_{\omega^{2}}^{\Omega})"
"ψ(Ω_(ω^{2})^{Ω_(ω)})","\psi(\Omega_{\omega^2}^{\Omega_\omega})","\psi(\Omega_{\omega^{2}}^{\Omega_{\omega}})"
"ψ(Ω_(ω^{2})^{Ω_(ω^{2})})","\psi(\Omega_{\omega^2}^{\Omega_{\omega^2}})","\psi(\Omega_{\omega^{2}}^{\Omega_{\omega^{2}}})"
"ψ(Ω_(ω^{2}+1))","\psi(\psi_{\omega^2}(0))","\psi(\psi_{\omega^{2}}(0))"
"ψ(Ω_(ω^{2}+1)×2)","\psi(\psi_{\omega^2}(1))","\psi(\psi_{\omega^{2}}(1))"
"ψ(Ω_(ω^{2}+1)×Ω)","\psi(\psi_{\omega^2}(\Omega))","\psi(\psi_{\omega^{2}}(\Omega))"
"ψ(Ω_(ω^{2}+1)×Ω_(ω^{2}))","\psi(\psi_{\omega^2}(\Omega_{\omega^2}))","\psi(\psi_{\omega^{2}}(\Omega_{\omega^{2}}))"
"ψ(Ω_(ω^{2}+1)×ψ_(ω^{2})(Ω_(ω^{2}+1)))","\psi(\psi_{\omega^2}(\psi_{\omega^2}(0)))","\psi(\psi_{\omega^{2}}(\psi_{\omega^{2}}(0)))"
"ψ(Ω_(ω^{2}+1)^{2})","\psi(\Omega_{\omega^2+1})","\psi(\Omega_{\omega^{2} + 1})"
"ψ(Ω_(ω^{2}+2))","\psi(\psi_{\omega^2+1}(0))","\psi(\psi_{\omega^{2} + 1}(0))"
"ψ(Ω_(ω^{2}+ω))","\psi(\Omega_{\omega^2+\omega})","\psi(\Omega_{\omega^{2} + \omega})"
"ψ(Ω_(ω^{2}+ω×2))","\psi(\Omega_{\omega^2+\omega\times2})","\psi(\Omega_{\omega^{2} + \omega2})"
"ψ(Ω_(ω^{2}×2))","\psi(\Omega_{\omega^2\times2})","\psi(\Omega_{\omega^{2}2})"
"ψ(Ω_(ω^{2}×3))","\psi(\Omega_{\omega^2\times3})","\psi(\Omega_{\omega^{2}3})"
"ψ(Ω_(ω^{3}))","\psi(\Omega_{\omega^3})","\psi(\Omega_{\omega^{3}})"
"ψ(Ω_(ω^{3})×2)","\psi(\Omega_{\omega^3}\times2)","\psi(\Omega_{\omega^{3}}2)"
"ψ(Ω_(ω^{3})×Ω)","\psi(\Omega_{\omega^3}\times\Omega)","\psi(\Omega_{\omega^{3}}\Omega)"
"ψ(Ω_(ω^{3})×Ω_(ω))","\psi(\Omega_{\omega^3}\times\Omega_\omega)","\psi(\Omega_{\omega^{3}}\Omega_{\omega})"
"ψ(Ω_(ω^{3})×Ω_(ω^{2}))","\psi(\Omega_{\omega^3}\times\Omega_{\omega^2})","\psi(\Omega_{\omega^{3}}\Omega_{\omega^{2}})"
"ψ(Ω_(ω^{3})^{2})","\psi(\Omega_{\omega^3}^2)","\psi(\Omega_{\omega^{3}}^{2})"
"ψ(Ω_(ω^{3}+1))","\psi(\psi_{\omega^3}(0))","\psi(\psi_{\omega^{3}}(0))"
"ψ(Ω_(ω^{4}))","\psi(\Omega_{\omega^4})","\psi(\Omega_{\omega^{4}})"
"ψ(Ω_(ω^{ω}))","\psi(\Omega_{\omega^\omega})","\psi(\Omega_{\omega^{\omega}})"
"ψ(Ω_(ω^{ω})×2)","\psi(\Omega_{\omega^\omega}\times2)","\psi(\Omega_{\omega^{\omega}}2)"
"ψ(Ω_(ω^{ω})^{2})","\psi(\Omega_{\omega^\omega}^2)","\psi(\Omega_{\omega^{\omega}}^{2})"
"ψ(Ω_(ω^{ω}+1))","\psi(\psi_{\omega^\omega}(0))","\psi(\psi_{\omega^{\omega}}(0))"
"ψ(Ω_(ω^{ω}+1)^{2})","\psi(\Omega_{\omega^\omega+1})","\psi(\Omega_{\omega^{\omega} + 1})"
"ψ(Ω_(ω^{ω}+ω))","\psi(\Omega_{\omega^\omega+\omega})","\psi(\Omega_{\omega^{\omega} + \omega})"
"ψ(Ω_(ω^{ω}+ω^{2}))","\psi(\Omega_{\omega^\omega+\omega^2})","\psi(\Omega_{\omega^{\omega} + \omega^{2}})"
"ψ(Ω_(ω^{ω}×2))","\psi(\Omega_{\omega^\omega\times2})","\psi(\Omega_{\omega^{\omega}2})"
"ψ(Ω_(ω^{ω+1}))","\psi(\Omega_{\omega^{\omega+1}})","\psi(\Omega_{\omega^{\omega + 1}})"
"ψ(Ω_(ω^{ω×2}))","\psi(\Omega_{\omega^{\omega\times2}})","\psi(\Omega_{\omega^{\omega2}})"
"ψ(Ω_(ω^{ω^{2}}))","\psi(\Omega_{\omega^{\omega^2}})","\psi(\Omega_{\omega^{\omega^{2}}})"
"ψ(Ω_(ω^{ω^{ω}}))","\psi(\Omega_{\omega^{\omega^\omega}})","\psi(\Omega_{\omega^{\omega^{\omega}}})"
"ψ(Ω_(ψ(Ω)))","\psi(\Omega_{\psi(0)})","\psi(\Omega_{\psi(0)})"
"ψ(Ω_(ψ(Ω)+1))","\psi(\psi_{\psi(0)}(0))","\psi(\psi_{\psi(0)}(0))"
"ψ(Ω_(ψ(Ω^{2})))","\psi(\Omega_{\psi(\Omega)})","\psi(\Omega_{\psi(\Omega)})"
"ψ(Ω_(ψ(Ω_(ω))))","\psi(\Omega_{\psi(\Omega_\omega)})","\psi(\Omega_{\psi(\Omega_{\omega})})"
"ψ(Ω_(ψ(Ω_(ω^{2}))))","\psi(\Omega_{\psi(\Omega_{\omega^2})})","\psi(\Omega_{\psi(\Omega_{\omega^{2}})})"
"ψ(Ω_(ψ(Ω_(ψ(Ω)))))","\psi(\Omega_{\psi(\Omega_{\psi(0)})})","\psi(\Omega_{\psi(\Omega_{\psi(0)})})"
"ψ(Ω_(Ω))","\psi(\Omega_\Omega)","\psi(\Omega_{\Omega})"
"ψ(Ω_(Ω)+Ω)","\psi(\Omega_\Omega+1)","\psi(\Omega_{\Omega} + 1)"
"ψ(Ω_(Ω)+ψ_(1)(Ω_(ω)))","\psi(\Omega_\Omega+\psi_1(\Omega_\omega))","\psi(\Omega_{\Omega} + \psi_{1}(\Omega_{\omega}))"
"ψ(Ω_(Ω)+ψ_(1)(Ω_(ω^{2})))","\psi(\Omega_\Omega+\psi_1(\Omega_{\omega^2}))","\psi(\Omega_{\Omega} + \psi_{1}(\Omega_{\omega^{2}}))"
"ψ(Ω_(Ω)+ψ_(1)(Ω_(Ω)))","\psi(\Omega_\Omega+\psi_1(\Omega_\Omega))","\psi(\Omega_{\Omega} + \psi_{1}(\Omega_{\Omega}))"
"ψ(Ω_(Ω)+Ω_(2))","\psi(\Omega_\Omega+\psi_1(\Omega_\Omega+1))","\psi(\Omega_{\Omega} + \psi_{1}(\Omega_{\Omega} + 1))"
"ψ(Ω_(Ω)+Ω_(2)×ψ_(1)(Ω_(Ω)))","\psi(\Omega_\Omega+\psi_1(\Omega_\Omega+\psi_1(\Omega_\Omega)))","\psi(\Omega_{\Omega} + \psi_{1}(\Omega_{\Omega} + \psi_{1}(\Omega_{\Omega})))"
"ψ(Ω_(Ω)+Ω_(2)^{2})","\psi(\Omega_\Omega+\Omega_2)","\psi(\Omega_{\Omega} + \Omega_{2})"
"ψ(Ω_(Ω)+ψ_(2)(Ω_(Ω)))","\psi(\Omega_\Omega+\psi_2(\Omega_\Omega))","\psi(\Omega_{\Omega} + \psi_{2}(\Omega_{\Omega}))"
"ψ(Ω_(Ω)+Ω_(3)^{2})","\psi(\Omega_\Omega+\Omega_3)","\psi(\Omega_{\Omega} + \Omega_{3})"
"ψ(Ω_(Ω)+Ω_(ω))","\psi(\Omega_\Omega+\Omega_\omega)","\psi(\Omega_{\Omega} + \Omega_{\omega})"
"ψ(Ω_(Ω)+Ω_(ω)×2)","\psi(\Omega_\Omega+\Omega_\omega\times2)","\psi(\Omega_{\Omega} + \Omega_{\omega}2)"
"ψ(Ω_(Ω)+Ω_(ω)^{2})","\psi(\Omega_\Omega+\Omega_\omega^2)","\psi(\Omega_{\Omega} + \Omega_{\omega}^{2})"
"ψ(Ω_(Ω)+ψ_(ω)(Ω_(ω+1)))","\psi(\Omega_\Omega+\psi_\omega(0))","\psi(\Omega_{\Omega} + \psi_{\omega}(0))"
"ψ(Ω_(Ω)+ψ_(ω)(Ω_(Ω)))","\psi(\Omega_\Omega+\psi_\omega(\Omega_\Omega))","\psi(\Omega_{\Omega} + \psi_{\omega}(\Omega_{\Omega}))"
"ψ(Ω_(Ω)+Ω_(ω+1)^{2})","\psi(\Omega_\Omega+\Omega_{\omega+1})","\psi(\Omega_{\Omega} + \Omega_{\omega + 1})"
"ψ(Ω_(Ω)+Ω_(ω×2))","\psi(\Omega_\Omega+\Omega_{\omega\times2})","\psi(\Omega_{\Omega} + \Omega_{\omega2})"
"ψ(Ω_(Ω)+Ω_(ω^{2}))","\psi(\Omega_\Omega+\Omega_{\omega^2})","\psi(\Omega_{\Omega} + \Omega_{\omega^{2}})"
"ψ(Ω_(Ω)+Ω_(ω^{2})×2)","\psi(\Omega_\Omega+\Omega_{\omega^2}\times2)","\psi(\Omega_{\Omega} + \Omega_{\omega^{2}}2)"
"ψ(Ω_(Ω)+Ω_(ω^{2})×Ω_(ω))","\psi(\Omega_{\Omega}+\Omega_{\omega^{2}}\Omega_{\omega})"
"ψ(Ω_(Ω)+ψ_(ω^{2})(Ω_(ω^{2}+1)))","\psi(\Omega_\Omega+\psi_{\omega^2}(0))","\psi(\Omega_{\Omega} + \psi_{\omega^{2}}(0))"
"ψ(Ω_(Ω)+Ω_(ω^{2}+1)^{2})","\psi(\Omega_\Omega+\Omega_{\omega^2+1})","\psi(\Omega_{\Omega} + \Omega_{\omega^{2} + 1})"
"ψ(Ω_(Ω)+Ω_(ω^{2}+ω))","\psi(\Omega_\Omega+\Omega_{\omega^2+\omega})","\psi(\Omega_{\Omega} + \Omega_{\omega^{2} + \omega})"
"ψ(Ω_(Ω)+Ω_(ω^{2}×2))","\psi(\Omega_\Omega+\Omega_{\omega^2\times2})","\psi(\Omega_{\Omega} + \Omega_{\omega^{2}2})"
"ψ(Ω_(Ω)+Ω_(ω^{3}))","\psi(\Omega_\Omega+\Omega_{\omega^3})","\psi(\Omega_{\Omega} + \Omega_{\omega^{3}})"
"ψ(Ω_(Ω)+Ω_(ω^{ω}))","\psi(\Omega_\Omega+\Omega_{\omega^\omega})","\psi(\Omega_{\Omega} + \Omega_{\omega^{\omega}})"
"ψ(Ω_(Ω)+Ω_(ψ(Ω_(ω))))","\psi(\Omega_\Omega+\Omega_{\psi(\Omega_\omega)})","\psi(\Omega_{\Omega} + \Omega_{\psi(\Omega_{\omega})})"
"ψ(Ω_(Ω)+Ω_(ψ(Ω_(Ω)+Ω_(2)^{2})))","\psi(\Omega_\Omega+\Omega_{\psi(\Omega_\Omega+\Omega_2)})","\psi(\Omega_{\Omega} + \Omega_{\psi(\Omega_{\Omega} + \Omega_{2})})"
"ψ(Ω_(Ω)×2)","\psi(\Omega_\Omega\times2)","\psi(\Omega_{\Omega}2)"
"ψ(Ω_(Ω)×3)","\psi(\Omega_\Omega\times3)","\psi(\Omega_{\Omega}3)"
"ψ(Ω_(Ω)×Ω)","\psi(\Omega_\Omega\times\Omega)","\psi(\Omega_{\Omega}\Omega)"
"ψ(Ω_(Ω)×ψ_(1)(Ω_(Ω)))","\psi(\Omega_\Omega\times\psi_1(\Omega_\Omega))","\psi(\Omega_{\Omega}\psi_{1}(\Omega_{\Omega}))"
"ψ(Ω_(Ω)×Ω_(2))","\psi(\Omega_\Omega\times\Omega_2)","\psi(\Omega_{\Omega}\Omega_{2})"
"ψ(Ω_(Ω)×Ω_(ω))","\psi(\Omega_\Omega\times\Omega_\omega)","\psi(\Omega_{\Omega}\Omega_{\omega})"
"ψ(Ω_(Ω)×Ω_(ω^{2}))","\psi(\Omega_\Omega\times\Omega_{\omega^2})","\psi(\Omega_{\Omega}\Omega_{\omega^{2}})"
"ψ(Ω_(Ω)^{2})","\psi(\Omega_\Omega^2)","\psi(\Omega_{\Omega}^{2})"
"ψ(Ω_(Ω)^{3})","\psi(\Omega_\Omega^3)","\psi(\Omega_{\Omega}^{3})"
"ψ(Ω_(Ω)^{Ω})","\psi(\Omega_\Omega^\Omega)","\psi(\Omega_{\Omega}^{\Omega})"
"ψ(Ω_(Ω)^{Ω_(Ω)})","\psi(\Omega_\Omega^{\Omega_\Omega})","\psi(\Omega_{\Omega}^{\Omega_{\Omega}})"
"ψ(Ω_(Ω+1))","\psi(\psi_\Omega(0))","\psi(\psi_{\Omega}(0))"
"ψ(Ω_(Ω+1)×2)","\psi(\psi_\Omega(1))","\psi(\psi_{\Omega}(1))"
"ψ(Ω_(Ω+1)×Ω_(2))","\psi(\psi_\Omega(\Omega_2))","\psi(\psi_{\Omega}(\Omega_{2}))"
"ψ(Ω_(Ω+1)×Ω_(Ω))","\psi(\psi_\Omega(\Omega_\Omega))","\psi(\psi_{\Omega}(\Omega_{\Omega}))"
"ψ(Ω_(Ω+1)×ψ_(Ω)(Ω_(Ω+1)))","\psi(\psi_\Omega(\psi_\Omega(0)))","\psi(\psi_{\Omega}(\psi_{\Omega}(0)))"
"ψ(Ω_(Ω+1)^{2})","\psi(\Omega_{\Omega+1})","\psi(\Omega_{\Omega + 1})"
"ψ(Ω_(Ω+ω))","\psi(\Omega_{\Omega+\omega})","\psi(\Omega_{\Omega + \omega})"
"ψ(Ω_(Ω+ω×2))","\psi(\Omega_{\Omega+\omega\times2})","\psi(\Omega_{\Omega + \omega2})"
"ψ(Ω_(Ω+ω^{2}))","\psi(\Omega_{\Omega+\omega^2})","\psi(\Omega_{\Omega + \omega^{2}})"
"ψ(Ω_(Ω+ψ(Ω)))","\psi(\Omega_{\Omega+\psi(0)})","\psi(\Omega_{\Omega + \psi(0)})"
"ψ(Ω_(Ω×2))","\psi(\Omega_{\Omega\times2})","\psi(\Omega_{\Omega2})"
"ψ(Ω_(Ω×2)+Ω_(2)^{2})","\psi(\Omega_{\Omega\times2}+\Omega_2)","\psi(\Omega_{\Omega2} + \Omega_{2})"
"ψ(Ω_(Ω×2)+Ω_(Ω))","\psi(\Omega_{\Omega\times2}+\Omega_\Omega)","\psi(\Omega_{\Omega2} + \Omega_{\Omega})"
"ψ(Ω_(Ω×2)+ψ_(Ω)(Ω_(Ω+1)))","\psi(\Omega_{\Omega\times2}+\psi_\Omega(0))","\psi(\Omega_{\Omega2} + \psi_{\Omega}(0))"
"ψ(Ω_(Ω×2)+ψ_(Ω)(Ω_(Ω+1)×Ω_(Ω)))","\psi(\Omega_{\Omega\times2}+\psi_\Omega(\Omega_\Omega))","\psi(\Omega_{\Omega2} + \psi_{\Omega}(\Omega_{\Omega}))"
"ψ(Ω_(Ω×2)+ψ_(Ω)(Ω_(Ω+1)^{2}))","\psi(\Omega_{\Omega\times2}+\psi_\Omega(\Omega_{\Omega+1}))","\psi(\Omega_{\Omega2} + \psi_{\Omega}(\Omega_{\Omega + 1}))"
"ψ(Ω_(Ω×2)+ψ_(Ω)(Ω_(Ω×2)))","\psi(\Omega_{\Omega\times2}+\psi_\Omega(\Omega_{\Omega\times2}))","\psi(\Omega_{\Omega2} + \psi_{\Omega}(0))"
"ψ(Ω_(Ω×2)+ψ_(Ω)(Ω_(Ω×2)+Ω))","\psi(\Omega_{\Omega\times2}+\psi_\Omega(\Omega_{\Omega\times2})\times\Omega)","\psi(\Omega_{\Omega2} + \psi_{\Omega}(1))"
"ψ(Ω_(Ω×2)+ψ_(Ω)(Ω_(Ω×2)+Ω_(Ω)))","\psi(\Omega_{\Omega\times2}+\psi_\Omega(\Omega_{\Omega\times2})\times\Omega_\Omega)","\psi(\Omega_{\Omega2} + \psi_{\Omega}(\Omega_{\Omega}))"
"ψ(Ω_(Ω×2)+ψ_(Ω)(Ω_(Ω×2)+Ω_(Ω)×2))","\psi(\Omega_{\Omega\times2}+\psi_\Omega(\Omega_{\Omega\times2})\times\Omega_\Omega\times2)"
"ψ(Ω_(Ω×2)+ψ_(Ω)(Ω_(Ω×2)+ψ_(Ω)(Ω_(Ω+1))))","\psi(\Omega_{\Omega\times2}+\psi_\Omega(\Omega_{\Omega\times2})\times\psi_\Omega(0))","\psi(\Omega_{\Omega2} + \psi_{\Omega}(\psi_{\Omega}(0)))"
"ψ(Ω_(Ω×2)+ψ_(Ω)(Ω_(Ω×2)+ψ_(Ω)(Ω_(Ω×2))))","\psi(\Omega_{\Omega\times2}+\psi_\Omega(\Omega_{\Omega\times2})^2)","\psi(\Omega_{\Omega2} + \psi_{\Omega}(0)^{2})"
"ψ(Ω_(Ω×2)+Ω_(Ω+1))","\psi(\Omega_{\Omega\times2}+\psi_\Omega(\Omega_{\Omega\times2}+1))","\psi(\Omega_{\Omega2} + \Omega_{\Omega + 1})"
"ψ(Ω_(Ω×2)+Ω_(Ω+1)^{2})","\psi(\Omega_{\Omega\times2}+\Omega_{\Omega+1})","\psi(\Omega_{\Omega2} + \Omega_{\Omega + 1})"
"ψ(Ω_(Ω×2)+Ω_(Ω+ω))","\psi(\Omega_{\Omega\times2}+\Omega_{\Omega+\omega})","\psi(\Omega_{\Omega2} + \Omega_{\Omega + \omega})"
"ψ(Ω_(Ω×2)×2)","\psi(\Omega_{\Omega\times2}\times2)","\psi(\Omega_{\Omega2}2)"
"ψ(Ω_(Ω×2)×Ω_(2))","\psi(\Omega_{\Omega\times2}\times\Omega_2)","\psi(\Omega_{\Omega2}\Omega_{2})"
"ψ(Ω_(Ω×2)×Ω_(Ω))","\psi(\Omega_{\Omega\times2}\times\Omega_\Omega)","\psi(\Omega_{\Omega2}\Omega_{\Omega})"
"ψ(Ω_(Ω×2)^{2})","\psi(\Omega_{\Omega\times2}^2)","\psi(\Omega_{\Omega2}^{2})"
"ψ(Ω_(Ω×2)^{Ω_(Ω×2)})","\psi(\Omega_{\Omega\times2}^{\Omega_{\Omega\times2}})","\psi(\Omega_{\Omega2}^{\Omega_{\Omega2}})"
"ψ(Ω_(Ω×2+1))","\psi(\psi_{\Omega\times2}(0))","\psi(\psi_{\Omega2}(0))"
"ψ(Ω_(Ω×2+1)^{2})","\psi(\Omega_{\Omega\times2+1})","\psi(\Omega_{\Omega2 + 1})"
"ψ(Ω_(Ω×2+ω))","\psi(\Omega_{\Omega\times2+\omega})","\psi(\Omega_{\Omega2 + \omega})"
"ψ(Ω_(Ω×2+ω^{2}))","\psi(\Omega_{\Omega\times2+\omega^2})","\psi(\Omega_{\Omega2 + \omega^{2}})"
"ψ(Ω_(Ω×3))","\psi(\Omega_{\Omega\times3})","\psi(\Omega_{\Omega3})"
"ψ(Ω_(Ω×ω))","\psi(\Omega_{\Omega\times\omega})","\psi(\Omega_{\Omega\omega})"
"ψ(Ω_(Ω×ω^{2}))","\psi(\Omega_{\Omega\times\omega^2})","\psi(\Omega_{\Omega\omega^{2}})"
"ψ(Ω_(Ω^{2}))","\psi(\Omega_{\Omega^2})","\psi(\Omega_{\Omega^{2}})"
"ψ(Ω_(Ω^{ω}))","\psi(\Omega_{\Omega^\omega})","\psi(\Omega_{\Omega^{\omega}})"
"ψ(Ω_(Ω^{Ω}))","\psi(\Omega_{\Omega^\Omega})","\psi(\Omega_{\Omega^{\Omega}})"
"ψ(Ω_(Ω^{Ω+1}))","\psi(\Omega_{\Omega^{\Omega+1}})","\psi(\Omega_{\Omega^{\Omega + 1}})"
"ψ(Ω_(Ω^{Ω×2}))","\psi(\Omega_{\Omega^{\Omega\times2}})","\psi(\Omega_{\Omega^{\Omega2}})"
"ψ(Ω_(Ω^{Ω^{2}}))","\psi(\Omega_{\Omega^{\Omega^2}})","\psi(\Omega_{\Omega^{\Omega^{2}}})"
"ψ(Ω_(Ω^{Ω^{Ω}}))","\psi(\Omega_{\Omega^{\Omega^\Omega}})","\psi(\Omega_{\Omega^{\Omega^{\Omega}}})"
"ψ(Ω_(ψ_(1)(Ω_(2))))","\psi(\Omega_{\psi_1(0)})","\psi(\Omega_{\psi_{1}(0)})"
"ψ(Ω_(ψ_(1)(Ω_(2)^{2})))","\psi(\Omega_{\psi_1(\Omega_2)})","\psi(\Omega_{\psi_{1}(\Omega_{2})})"
"ψ(Ω_(ψ_(1)(Ω_(ω))))","\psi(\Omega_{\psi_1(\Omega_\omega)})","\psi(\Omega_{\psi_{1}(\Omega_{\omega})})"
"ψ(Ω_(ψ_(1)(Ω_(Ω))))","\psi(\Omega_{\psi_1(\Omega_\Omega)})","\psi(\Omega_{\psi_{1}(\Omega_{\Omega})})"
"ψ(Ω_(ψ_(1)(Ω_(ψ_(1)(Ω_(2))))))","\psi(\Omega_{\psi_1(\Omega_{\psi_1(0)})})","\psi(\Omega_{\psi_{1}(\Omega_{\psi_{1}(0)})})"
"ψ(Ω_(Ω_(2)))","\psi(\Omega_{\Omega_2})","\psi(\Omega_{\Omega_{2}})"
"ψ(Ω_(Ω_(2))+Ω_(2)^{2})","\psi(\Omega_{\Omega_2}+\Omega_2)","\psi(\Omega_{\Omega_{2}} + \Omega_{2})"
"ψ(Ω_(Ω_(2))+ψ_(2)(Ω_(ω)))","\psi(\Omega_{\Omega_2}+\psi_2(\Omega_\omega))","\psi(\Omega_{\Omega_{2}} + \psi_{2}(\Omega_{\omega}))"
"ψ(Ω_(Ω_(2))+ψ_(2)(Ω_(Ω)))","\psi(\Omega_{\Omega_2}+\psi_2(\Omega_\Omega))","\psi(\Omega_{\Omega_{2}} + \psi_{2}(\Omega_{\Omega}))"
"ψ(Ω_(Ω_(2))+ψ_(2)(Ω_(Ω_(2))))","\psi(\Omega_{\Omega_2}+\psi_2(\Omega_{\Omega_2}))","\psi(\Omega_{\Omega_{2}} + \psi_{2}(\Omega_{\Omega_{2}}))"
"ψ(Ω_(Ω_(2))+Ω_(3)^{2})","\psi(\Omega_{\Omega_2}+\Omega_3)","\psi(\Omega_{\Omega_{2}} + \Omega_{3})"
"ψ(Ω_(Ω_(2))+Ω_(ω))","\psi(\Omega_{\Omega_2}+\Omega_\omega)","\psi(\Omega_{\Omega_{2}} + \Omega_{\omega})"
"ψ(Ω_(Ω_(2))×2)","\psi(\Omega_{\Omega_2}\times2)","\psi(\Omega_{\Omega_{2}}2)"
"ψ(Ω_(Ω_(2))^{2})","\psi(\Omega_{\Omega_2}^2)","\psi(\Omega_{\Omega_{2}}^{2})"
"ψ(Ω_(Ω_(2)+1))","\psi(\psi_{\Omega_2}(0))","\psi(\psi_{\Omega_{2}}(0))"
"ψ(Ω_(Ω_(2)+1)^{2})","\psi(\Omega_{\Omega_2+1})","\psi(\Omega_{\Omega_{2} + 1})"
"ψ(Ω_(Ω_(2)+ω))","\psi(\Omega_{\Omega_2+\omega})","\psi(\Omega_{\Omega_{2} + \omega})"
"ψ(Ω_(Ω_(2)×2))","\psi(\Omega_{\Omega_2\times2})","\psi(\Omega_{\Omega_{2}2})"
"ψ(Ω_(Ω_(2)×ω))","\psi(\Omega_{\Omega_2\times\omega})","\psi(\Omega_{\Omega_{2}\omega})"
"ψ(Ω_(Ω_(2)^{2}))","\psi(\Omega_{\Omega_2^2})","\psi(\Omega_{\Omega_{2}^{2}})"
"ψ(Ω_(Ω_(2)^{Ω_(2)}))","\psi(\Omega_{\Omega_2^{\Omega_2}})","\psi(\Omega_{\Omega_{2}^{\Omega_{2}}})"
"ψ(Ω_(ψ_(2)(Ω_(3))))","\psi(\Omega_{\psi_2(0)})","\psi(\Omega_{\psi_{2}(0)})"
"ψ(Ω_(ψ_(2)(Ω_(ψ_(2)(Ω_(3))))))","\psi(\Omega_{\psi_2(\Omega_{\psi_2(0)})})","\psi(\Omega_{\psi_{2}(\Omega_{\psi_{2}(0)})})"
"ψ(Ω_(Ω_(3)))","\psi(\Omega_{\Omega_3})","\psi(\Omega_{\Omega_{3}})"
"ψ(Ω_(Ω_(ω)))","\psi(\Omega_{\Omega_\omega})","\psi(\Omega_{\Omega_{\omega}})"
"ψ(Ω_(Ω_(ω))+Ω_(ω))","\psi(\Omega_{\Omega_\omega}+\Omega_\omega)","\psi(\Omega_{\Omega_{\omega}} + \Omega_{\omega})"
"ψ(Ω_(Ω_(ω))+ψ_(ω)(Ω_(ω+1)))","\psi(\Omega_{\Omega_\omega}+\psi_\omega(0))","\psi(\Omega_{\Omega_{\omega}} + \psi_{\omega}(0))"
"ψ(Ω_(Ω_(ω))+ψ_(ω)(Ω_(Ω)))","\psi(\Omega_{\Omega_\omega}+\psi_\omega(\Omega_\Omega))","\psi(\Omega_{\Omega_{\omega}} + \psi_{\omega}(\Omega_{\Omega}))"
"ψ(Ω_(Ω_(ω))+ψ_(ω)(Ω_(Ω_(ω))))","\psi(\Omega_{\Omega_\omega}+\psi_\omega(\Omega_{\Omega_\omega}))","\psi(\Omega_{\Omega_{\omega}} + \psi_{\omega}(\Omega_{\Omega_{\omega}}))"
"ψ(Ω_(Ω_(ω))+Ω_(ω+1)^{2})","\psi(\Omega_{\Omega_\omega}+\Omega_{\omega+1})","\psi(\Omega_{\Omega_{\omega}} + \Omega_{\omega + 1})"
"ψ(Ω_(Ω_(ω))+ψ_(ω+1)(Ω_(Ω_(ω))))","\psi(\Omega_{\Omega_\omega}+\psi_{\omega+1}(\Omega_{\Omega_\omega}))","\psi(\Omega_{\Omega_{\omega}} + \psi_{\omega + 1}(\Omega_{\Omega_{\omega}}))"
"ψ(Ω_(Ω_(ω))+Ω_(ω×2))","\psi(\Omega_{\Omega_\omega}+\Omega_{\omega\times2})","\psi(\Omega_{\Omega_{\omega}} + \Omega_{\omega2})"
"ψ(Ω_(Ω_(ω))×2)","\psi(\Omega_{\Omega_\omega}\times2)","\psi(\Omega_{\Omega_{\omega}}2)"
"ψ(Ω_(Ω_(ω))×Ω)","\psi(\Omega_{\Omega_\omega}\times\Omega)","\psi(\Omega_{\Omega_{\omega}}\Omega)"
"ψ(Ω_(Ω_(ω))×Ω_(ω))","\psi(\Omega_{\Omega_\omega}\times\Omega_\omega)","\psi(\Omega_{\Omega_{\omega}}\Omega_{\omega})"
"ψ(Ω_(Ω_(ω))×Ω_(ω)+Ω_(Ω_(ω)))","\psi(\Omega_{\Omega_\omega}\times\Omega_\omega+\Omega_{\Omega_\omega})","\psi(\Omega_{\Omega_{\omega}}\Omega_{\omega} + \Omega_{\Omega_{\omega}})"
"ψ(Ω_(Ω_(ω))×Ω_(ω)×2)","\psi(\Omega_{\Omega_\omega}\times\Omega_\omega\times2)","\psi(\Omega_{\Omega_{\omega}}\Omega_{\omega}2)"
"ψ(Ω_(Ω_(ω))×Ω_(ω)^{2})","\psi(\Omega_{\Omega_\omega}\times\Omega_\omega^2)","\psi(\Omega_{\Omega_{\omega}}\Omega_{\omega}^{2})"
"ψ(Ω_(Ω_(ω))×ψ_(ω)(Ω_(ω+1)))","\psi(\Omega_{\Omega_\omega}\times\psi_\omega(0))","\psi(\Omega_{\Omega_{\omega}}\psi_{\omega}(0))"
"ψ(Ω_(Ω_(ω))×Ω_(ω+1))","\psi(\Omega_{\Omega_\omega}\times\Omega_{\omega+1})","\psi(\Omega_{\Omega_{\omega}}\Omega_{\omega + 1})"
"ψ(Ω_(Ω_(ω))×Ω_(ω×2))","\psi(\Omega_{\Omega_\omega}\times\Omega_{\omega\times2})","\psi(\Omega_{\Omega_{\omega}}\Omega_{\omega2})"
"ψ(Ω_(Ω_(ω))×Ω_(ω^{2}))","\psi(\Omega_{\Omega_\omega}\times\Omega_{\omega^2})","\psi(\Omega_{\Omega_{\omega}}\Omega_{\omega^{2}})"
"ψ(Ω_(Ω_(ω))^{2})","\psi(\Omega_{\Omega_\omega}^2)","\psi(\Omega_{\Omega_{\omega}}^{2})"
"ψ(Ω_(Ω_(ω)+1))","\psi(\psi_{\Omega_\omega}(0))","\psi(\psi_{\Omega_{\omega}}(0))"
"ψ(Ω_(Ω_(ω)×ω))","\psi(\Omega_{\Omega_\omega\times\omega})","\psi(\Omega_{\Omega_{\omega}\omega})"
"ψ(Ω_(Ω_(ω)×Ω))","\psi(\Omega_{\Omega_\omega\times\Omega})","\psi(\Omega_{\Omega_{\omega}\Omega})"
"ψ(Ω_(Ω_(ω)^{2}))","\psi(\Omega_{\Omega_\omega^2})","\psi(\Omega_{\Omega_{\omega}^{2}})"
"ψ(Ω_(Ω_(ω)^{Ω_(ω)}))","\psi(\Omega_{\Omega_\omega^{\Omega_\omega}})","\psi(\Omega_{\Omega_{\omega}^{\Omega_{\omega}}})"
"ψ(Ω_(ψ_(ω)(Ω_(ω+1))))","\psi(\Omega_{\psi_\omega(0)})","\psi(\Omega_{\psi_{\omega}(0)})"
"ψ(Ω_(ψ_(ω)(Ω_(Ω_(ω)))))","\psi(\Omega_{\psi_\omega(\Omega_{\Omega_\omega})})","\psi(\Omega_{\psi_{\omega}(\Omega_{\Omega_{\omega}})})"
"ψ(Ω_(Ω_(ω+1)))","\psi(\Omega_{\Omega_\omega+1})","\psi(\Omega_{\Omega_{\omega + 1}})"
"ψ(Ω_(Ω_(ω+2)))","\psi(\Omega_{\Omega_{\omega+2}})","\psi(\Omega_{\Omega_{\omega + 2}})"
"ψ(Ω_(Ω_(ω×2)))","\psi(\Omega_{\Omega_{\omega\times2}})","\psi(\Omega_{\Omega_{\omega2}})"
"ψ(Ω_(Ω_(ω×3)))","\psi(\Omega_{\Omega_{\omega\times3}})","\psi(\Omega_{\Omega_{\omega3}})"
"ψ(Ω_(Ω_(ω^{2})))","\psi(\Omega_{\Omega_{\omega^2}})","\psi(\Omega_{\Omega_{\omega^{2}}})"
"ψ(Ω_(Ω_(ω^{3})))","\psi(\Omega_{\Omega_{\omega^3}})","\psi(\Omega_{\Omega_{\omega^{3}}})"
"ψ(Ω_(Ω_(ω^{ω})))","\psi(\Omega_{\Omega_{\omega^\omega}})","\psi(\Omega_{\Omega_{\omega^{\omega}}})"
"ψ(Ω_(Ω_(Ω)))","\psi(\Omega_{\Omega_{\Omega}})","\psi(\Omega_{\Omega_{\Omega}})"
"ψ(Ω_(Ω_(Ω_(ω))))","\psi(\Omega_{\Omega_{\Omega_\omega}})","\psi(\Omega_{\Omega_{\Omega_{\omega}}})"
"ψ(Ω_(Ω_(Ω_(Ω))))","\psi(\Omega_{\Omega_{\Omega_\Omega}})","\psi(\Omega_{\Omega_{\Omega_{\Omega}}})"
"ψ_1(Ω_2)","\psi_{1}(0)"
"ψ_1(Ω_2+1)","\psi_{1}(0)\omega"
"ψ_1(Ω_2+2)","\psi_{1}(0)\omega^{2}"
"ψ_1(Ω_2+ω)","\psi_{1}(0)\omega^{\omega}"
"ψ_1(Ω_2+ψ(Ω))","\psi_{1}(0)\psi(0)"
"ψ_1(Ω_2+Ω)","\psi_{1}(0)\Omega"
"ψ_1(Ω_2+Ω^2)","\psi_{1}(0)\Omega^{2}"
"ψ_1(Ω_2+Ω^ω)","\psi_{1}(0)\Omega^{\omega}"
"ψ_1(Ω_2+ψ_1(Ω_2))","\psi_{1}(0)^{2}"
"ψ_1(Ω_2+ψ_1(Ω_2)\cdot2)","\psi_{1}(0)^{3}"
"ψ_1(Ω_2+ψ_1(Ω_2+1))","\psi_{1}(0)^{\omega}"
"ψ_1(Ω_2\cdot2)","\psi_{1}(1)"
"ψ_1(Ω_2\cdot3)","\psi_{1}(2)"
"ψ_1(Ω_2\cdotω)","\psi_{1}(\omega)"
"ψ_1(Ω_2^2)","\psi_{1}(\Omega_{2})"
"ψ_1(Ω_2^2+2)","\psi_{1}(\Omega_{2})\omega^{2}"
"ψ_1(Ω_2^2+3)","\psi_{1}(\Omega_{2})\omega^{3}"
"ψ_1(Ω_2^ω)","\psi_{1}(\Omega_{2}^{\omega})"
"ψ_1(Ω_2^ω+1)","\psi_{1}(\Omega_{2}^{\omega})\omega"
"ψ_1(Ω_2^ω+2)","\psi_{1}(\Omega_{2}^{\omega})\omega^{2}"
"ψ_1(Ω_2^ω+ω)","\psi_{1}(\Omega_{2}^{\omega})\omega^{\omega}"
"ψ_1(Ω_2^ω+ω^2)","\psi_{1}(\Omega_{2}^{\omega})\omega^{\omega^{2}}"
"ψ_1(Ω_2^ω+Ω)","\psi_{1}(\Omega_{2}^{\omega})\Omega"
"ψ_1(Ω_2^ω+Ω_2)","\psi_{1}(\Omega_{2}^{\omega} + 1)"
"ψ_1(Ω_2^ω+Ω_2×2)","\psi_{1}(\Omega_{2}^{\omega} + 2)"
"ψ_1(Ω_2^ω+Ω_2^2)","\psi_{1}(\Omega_{2}^{\omega} + \Omega_{2})"
"ψ_1(Ω_3+Ω)","\psi_{1}(\psi_{2}(0))\Omega"
"ψ_1(Ω_3^2+Ω_3)","\psi_{1}(\Omega_{3} + \psi_{2}(\Omega_{3} + 1))"
"ψ_1(Ω_ω)","\psi_{1}(\Omega_{\omega})"
"ψ_1(Ω_ω+1)","\psi_{1}(\Omega_{\omega})\omega"
"ψ_1(Ω_ω+ω)","\psi_{1}(\Omega_{\omega})\omega^{\omega}"
"ψ_1(Ω_ω+Ω)","\psi_{1}(\Omega_{\omega})\Omega"
"ψ_1(Ω_ω+Ω_2)","\psi_{1}(\Omega_{\omega} + 1)"
"\psi_{1}(\Omega_{\omega} + \Omega_{3})","\psi_{1}(\Omega_{\omega} + \psi_{2}(\Omega_{3} + 1))"
"ψ_1(Ω_ω^2)","\psi_{1}(\Omega_{\omega}^{2})"
"ψ_1(Ω_ω^2+1)","\psi_{1}(\Omega_{\omega}^{2})\omega"
"ψ_1(Ω_ω^2+ψ_1(Ω_ω^2))","\psi_{1}(\Omega_{\omega}^{2})^{2}"
"ψ_1(Ω_(ω+1))","\psi_{1}(\psi_{\omega}(0))"
"ψ_1(Ω_(ω+1)+Ω)","\psi_{1}(\psi_{\omega}(0))\Omega"
"ψ_1(Ω_(ω+1)^2)","\psi_{1}(\Omega_{\omega + 1})"
"ψ_1(Ω_(ω+1)^2+Ω_(ω+1))","\psi_{1}(\Omega_{\omega + 1} + \psi_{\omega}(\Omega_{\omega + 1} + 1))"
"ψ_1(Ω_(ω+1)^3)","\psi_{1}(\Omega_{\omega + 1}^{2})"
"ψ_1(Ω_(ω+1)^ω)","\psi_{1}(\Omega_{\omega + 1}^{\omega})"
"ψ_1(Ω_3^2+Ω_2)","\psi_{1}(\Omega_{3} + 1)"
"ψ_1(Ω_3^2+Ω_2×2)","\psi_{1}(\Omega_{3} + 2)"
"ψ_1(Ω_3^3+Ω_2)","\psi_{1}(\Omega_{3}^{2} + 1)"
"ψ_1(Ω_2×2+ψ_1(Ω_2))","\psi_{1}(1)\psi_{1}(0)"
"ψ_1(Ω_2×2+ψ_1(Ω_2)×2)","\psi_{1}(1)\psi_{1}(0)^{2}"
"ψ_1(Ω_2×2+ψ_1(Ω_2+1))","\psi_{1}(1)\psi_{1}(0)^{\omega}"
"ψ_1(Ω_2×3+ψ_1(Ω_2))","\psi_{1}(2)\psi_{1}(0)"
"ψ_1(Ω_2^2+Ω_2)","\psi_{1}(\Omega_{2} + 1)"
"ψ(Ω_2^2+ψ_1(Ω_2^2+Ω_2))","\psi(\Omega_{2} + \psi_{1}(\Omega_{2} + 1))"
"ψ(Ω_2^2+Ω_2×ψ_1(Ω_2^2+Ω_2))","\psi(\Omega_{2} + \psi_{1}(\Omega_{2} + \psi_{1}(\Omega_{2} + 1)))"
"ψ(Ω_2^2+Ω_2×ψ_1(Ω_2^2+Ω_2)+ψ_1(Ω_2^2+Ω_2))","\psi(\Omega_{2} + \psi_{1}(\Omega_{2} + \psi_{1}(\Omega_{2} + 1)) + \psi_{1}(\Omega_{2} + 1))"
"ψ_1(Ω_3+Ω_2)","\psi_{1}(\psi_{2}(0) + 1)"
"ψ_1(Ω_3+Ω_2×2)","\psi_{1}(\psi_{2}(0) + 2)"
"ψ_1(Ω_4+Ω_2)","\psi_{1}(\psi_{3}(0) + 1)"
"ψ_1(Ω_3×2+Ω_2)","\psi_{1}(\psi_{2}(1) + 1)"
"ψ_1(Ω_3^2+Ω_3+Ω_2)","\psi_{1}(\Omega_{3} + \psi_{2}(\Omega_{3} + 1) + 1)"
"ψ_1(Ω_3^2+Ω_3×2+Ω_2)","\psi_{1}(\Omega_{3} + \psi_{2}(\Omega_{3} + 2) + 1)"
"ψ_1(Ω_(ω+1)^2+Ω_(ω+1)+Ω_(ω+1))","\psi_{1}(\Omega_{\omega + 1} + \psi_{\omega}(\Omega_{\omega + 1} + 2))"
"ψ_1(Ω_4^2+Ω_3)","\psi_{1}(\Omega_{4} + \psi_{2}(\Omega_{4} + 1))"
"ψ(Ω_4^2+Ω_3)","\psi(\Omega_{4} + \psi_{2}(\Omega_{4} + 1))"
"ψ_1(Ω_4^2+Ω_3×2)","\psi_{1}(\Omega_{4} + \psi_{2}(\Omega_{4} + 2))"
"ψ(Ω_4^2+Ω_3×2)","\psi(\Omega_{4} + \psi_{2}(\Omega_{4} + 2))"
"ψ_1(Ω_4^2+Ω_3×ψ_1(Ω_3))","\psi_{1}(\Omega_{4} + \psi_{2}(\Omega_{4} + \psi_{1}(\Omega_{3})))"
"ψ(Ω_4^2+Ω_3×ψ_1(Ω_3))","\psi(\Omega_{4} + \psi_{2}(\Omega_{4} + \psi_{1}(\Omega_{3})))"
"ψ(Ω_2^3+Ω_2)","\psi(\Omega_{2}^{2} + \psi_{1}(\Omega_{2}^{2} + 1))"
"ψ(Ω_2^3+Ω_2×2)","\psi(\Omega_{2}^{2} + \psi_{1}(\Omega_{2}^{2} + 2))"
"ψ(Ω_2^3+Ω_2×ψ_1(Ω_2))","\psi(\Omega_{2}^{2} + \psi_{1}(\Omega_{2}^{2} + \psi_{1}(0)))"
"\psi_{1}(\Omega_{3} + \Omega_{2}^{2})","\psi_{1}(\psi_{2}(0) + \Omega_{2})"
"\psi_{1}(\Omega_{3}^{2} + \Omega_{2}^{2})","\psi_{1}(\Omega_{3} + \Omega_{2})"
"\psi(\Omega_{2}^{3} + \Omega_{2}×(\omega + 1))","\psi(\Omega_{2}^{2} + \psi_{1}(\Omega_{2}^{2} + \omega + 1))"
"\psi(\Omega_{3}^{2} + \Omega_{2}^{2} + \Omega_{2})","\psi(\Omega_{3} + \Omega_{2} + \psi_{1}(\Omega_{3} + \Omega_{2} + 1))"
"\psi(\Omega_{2}^{3} + \Omega_{2}^{2}\times2 + \Omega_{2})","\psi(\Omega_{2}^{2} + \Omega_{2}2 + \psi_{1}(\Omega_{2}^{2} + \Omega_{2}2 + 1))"
"\psi(\Omega_{2}^{3} + \Omega_{2}^{2})","\psi(\Omega_{2}^{2} + \Omega_{2})"
"\psi_{1}(\Omega_{4} + \Omega_{3})","\psi_{1}(\psi_{3}(0) + \psi_{2}(\psi_{3}(0) + 1))"
"\psi_{\omega}(\Omega_{\omega + 2}^{2})","\psi_{\omega}(\Omega_{\omega + 2})"
"\psi_{\omega}(\Omega_{\omega\times2 + 1})","\psi_{\omega}(\psi_{\omega\times2}(0))"
"\psi_{\omega}(\Omega_{\omega^{2} + 1})","\psi_{\omega}(\psi_{\omega^{2}}(0))"
"\psi_{\Omega_4}(\Omega_{\psi_4(\Omega_5)+1})","\psi_{\Omega_{4}}(\psi_{\psi_{4}(0)}(0))"
"\psi(\Omega_{3}^{2} + \Omega_{3} + \Omega_{2})","\psi(\Omega_{3} + \psi_{2}(\Omega_{3} + 1) + \psi_{1}(\Omega_{3} + \psi_{2}(\Omega_{3} + 1) + 1))"
